134234425,4Hz
0,0.84
0.84,0.72
1.56,0.76
2.32,0.7
3.02,0.73
3.75,0.77
4.52,0.81
5.33,0.89
6.22,0.85
7.07,0.83
7.9,0.84
8.74,0.85
9.59,0.86
10.45,0.84
11.29,0.8
12.09,0.8
12.89,0.78
13.67,0.8
14.47,0.82
15.29,0.84
16.13,0.85
16.98,0.84
17.82,0.83
18.65,0.83
19.48,0.84
20.32,0.83
21.15,0.85
22,0.85
22.85,0.83
23.68,0.83
24.51,0.84
25.35,0.82
26.17,0.82
26.99,0.81
27.8,0.81
28.61,0.77
29.38,0.78
30.16,0.81
30.97,0.82
31.79,0.83
32.62,0.8
33.42,0.86
34.28,0.82
35.1,0.75
35.85,0.72
36.57,0.71
37.28,0.7
37.98,0.73
38.71,0.78
39.49,0.6
40.09,0.95
41.04,0.82
41.86,0.81
42.67,0.79
43.46,0.78
44.24,0.77
45.01,0.72
45.73,0.74
46.47,0.75
47.22,0.8
48.02,0.83
48.85,0.85
49.7,0.85
50.55,0.84
51.39,0.82
52.21,0.8
53.01,0.78
53.79,0.76
54.55,0.79
55.34,0.79
56.13,1.19
57.32,1.34
58.66,0.78
59.44,0.74
60.18,0.72
60.9,0.72
61.62,0.71
62.33,0.73
63.06,0.74
63.8,0.79
64.59,0.78
65.37,0.78
66.15,0.78
66.93,0.75
67.68,0.78
68.46,1.27
69.73,0.7
70.43,0.58
71.01,0.93
71.94,1.72
73.66,0.88
74.54,0.82
75.36,0.81
76.17,0.78
76.95,0.8
77.75,0.78
78.53,0.77
79.3,0.78
80.08,0.75
80.83,0.78
81.61,0.83
82.44,0.81
83.25,0.79
84.04,0.8
84.84,0.82
85.66,0.79
86.45,0.83
87.28,0.79
88.07,0.83
88.9,0.75
89.65,0.87
90.52,0.77
91.29,0.76
92.05,0.78
92.83,0.81
93.64,0.74
94.38,0.74
95.12,0.75
95.87,0.74
96.61,0.72
97.33,0.72
98.05,0.72
98.77,0.74
99.51,0.7
100.21,0.73
100.94,0.8
101.74,0.81
102.55,0.84
103.39,0.74
104.13,0.66
104.79,1.06
105.85,0.74
106.59,0.76
107.35,0.65
108,0.88
108.88,0.94
109.82,0.97
110.79,1.02
111.81,1.34
113.15,1.38
114.53,0.83
115.36,0.83
116.19,0.84
117.03,0.88
117.91,0.83
118.74,0.64
119.38,1.19
120.57,0.77
121.34,0.93
122.27,0.89
123.16,0.88
124.04,0.93
124.97,0.91
125.88,0.84
126.72,0.81
127.53,0.84
128.37,0.84
129.21,0.9
130.11,0.92
131.03,0.91
131.94,0.95
132.89,0.9
133.79,0.9
134.69,0.87
135.56,0.86
136.42,0.83
137.25,0.82
138.07,0.81
138.88,0.86
139.74,0.89
140.63,0.89
141.52,0.89
142.41,0.93
143.34,0.91
144.25,0.86
145.11,0.75
145.86,0.82
146.68,0.77
147.45,0.75
148.2,0.77
148.97,0.82
149.79,0.9
150.69,0.96
151.65,0.94
152.59,0.96
153.55,0.93
154.48,0.86
155.34,0.85
156.19,0.82
157.01,0.78
157.79,0.81
158.6,0.83
159.43,0.86
160.29,0.89
161.18,0.97
162.15,0.91
163.06,0.89
163.95,0.9
164.85,0.87
165.72,0.85
166.57,0.85
167.42,0.85
168.27,0.83
169.1,0.8
169.9,0.81
170.71,0.85
171.56,0.83
172.39,0.97
173.36,1.02
174.38,0.98
175.36,0.97
176.33,1.01
177.34,0.9
178.24,0.93
179.17,0.86
180.03,0.84
180.87,0.83
181.7,0.85
182.55,0.85
183.4,0.86
184.26,0.87
185.13,0.88
186.01,0.86
186.87,0.82
187.69,0.84
188.53,0.78
189.31,0.73
190.04,0.75
190.79,0.8
191.59,0.86
192.45,0.87
193.32,0.85
194.17,0.85
195.02,0.81
195.83,0.79
196.62,0.78
197.4,0.8
198.2,0.72
198.92,0.77
199.69,0.79
200.48,0.81
201.29,0.84
202.13,0.82
202.95,0.83
203.78,0.79
204.57,0.8
205.37,0.77
206.14,0.8
206.94,0.83
207.77,0.84
208.61,0.84
209.45,0.85
210.3,0.84
211.14,0.85
211.99,0.81
212.8,0.79
213.59,0.75
214.34,0.73
215.07,0.77
215.84,0.88
216.72,0.97
217.69,0.98
218.67,1.02
219.69,0.96
220.65,0.94
221.59,0.91
222.5,1.59
224.09,0.85
224.94,0.8
225.74,0.67
226.41,0.7
227.11,0.75
227.86,0.75
228.61,0.87
229.48,0.83
230.31,0.88
231.19,0.87
232.06,0.86
232.92,0.83
233.75,0.82
234.57,0.77
235.34,0.72
236.06,0.69
236.75,0.72
237.47,0.78
238.25,0.93
239.18,0.95
240.13,0.97
241.1,0.97
242.07,0.96
243.03,0.9
243.93,0.85
244.78,0.85
245.63,0.75
246.38,0.72
247.1,0.69
247.79,1.56
249.35,1.01
250.36,0.83
251.19,0.92
252.11,0.97
253.08,1.06
254.14,0.92
255.06,0.93
255.99,0.85
256.84,0.86
257.7,0.82
258.52,0.93
259.45,0.87
260.32,0.94
261.26,1.3
262.56,1.32
263.88,0.87
264.75,0.73
265.48,0.85
266.33,0.93
267.26,1.18
268.44,1.17
269.61,0.82
270.43,0.8
271.23,0.79
272.02,0.81
272.83,0.65
273.48,0.79
274.27,1.38
275.65,0.74
276.39,0.87
277.26,0.81
278.07,0.89
278.96,0.94
279.9,0.92
280.82,0.89
281.71,0.85
282.56,0.81
283.37,0.81
284.18,0.82
285,0.81
285.81,0.83
286.64,0.87
287.51,0.88
288.39,0.88
289.27,0.89
290.16,0.85
291.01,0.81
291.82,0.79
292.61,0.79
293.4,0.81
294.21,0.81
295.02,0.8
295.82,0.84
296.66,0.82
297.48,0.86
298.34,0.85
299.19,0.85
300.04,0.79
300.83,0.8
301.63,0.76
302.39,0.72
303.11,0.74
303.85,0.74
304.59,0.8
305.39,0.85
306.24,0.85
307.09,0.87
307.96,0.82
308.78,0.82
309.6,0.81
310.41,0.81
311.22,0.8
312.02,0.81
312.83,0.83
313.66,0.82
314.48,0.84
315.32,0.91
316.23,1.27
317.5,0.7
318.2,0.8
319,0.84
319.84,0.93
320.77,0.71
321.48,0.81
322.29,0.74
323.03,0.76
323.79,0.82
324.61,0.88
325.49,0.86
326.35,0.86
327.21,0.86
328.07,0.86
328.93,0.84
329.77,0.78
330.55,0.77
331.32,0.8
332.12,1.53
333.65,0.97
334.62,0.87
335.49,0.89
336.38,0.85
337.23,0.83
338.06,0.84
338.9,0.82
339.72,0.81
340.53,0.84
341.37,0.86
342.23,0.86
343.09,0.84
343.93,0.87
344.8,0.92
345.72,0.88
346.6,0.89
347.49,0.87
348.36,0.82
349.18,0.81
349.99,0.78
350.77,0.82
351.59,0.72
352.31,0.74
353.05,0.83
353.88,0.88
354.76,0.83
355.59,0.85
356.44,0.93
357.37,0.84
358.21,0.84
359.05,0.82
359.87,0.81
360.68,0.77
361.45,0.77
362.22,0.77
362.99,0.8
363.79,0.79
364.58,0.84
365.42,0.84
366.26,0.85
367.11,0.86
367.97,0.85
368.82,0.83
369.65,0.78
370.43,0.74
371.17,0.8
371.97,0.84
372.81,0.85
373.66,0.86
374.52,0.86
375.38,0.85
376.23,0.81
377.04,0.81
377.85,0.82
378.67,0.82
379.49,0.88
380.37,0.93
381.3,0.91
382.21,0.92
383.13,0.89
384.02,0.86
384.88,0.84
385.72,0.82
386.54,0.82
387.36,0.78
388.14,0.81
388.95,0.84
389.79,0.85
390.64,0.81
391.45,0.79
392.24,0.69
392.93,0.78
393.71,0.73
394.44,0.75
395.19,0.83
396.02,0.88
396.9,0.86
397.76,0.87
398.63,0.87
399.5,0.82
400.32,0.86
401.18,0.85
402.03,0.87
402.9,0.83
403.73,0.83
404.56,0.85
405.41,0.87
406.28,0.86
407.14,0.85
407.99,0.87
408.86,0.85
409.71,0.85
410.56,0.85
411.41,0.87
412.28,0.73
413.01,0.98
413.99,0.8
414.79,0.84
415.63,0.82
416.45,0.86
417.31,0.76
418.07,0.77
418.84,1.21
420.05,0.74
420.79,1.17
421.96,0.9
422.86,0.86
423.72,0.77
424.49,0.84
425.33,0.84
426.17,0.89
427.06,0.85
427.91,0.86
428.77,0.86
429.63,0.89
430.52,0.94
431.46,0.91
432.37,0.94
433.31,0.98
434.29,0.97
435.26,0.95
436.21,0.91
437.12,0.91
438.03,0.88
438.91,0.87
439.78,0.91
440.69,0.86
441.55,0.92
442.47,0.89
443.36,0.86
444.22,0.91
445.13,0.95
446.08,0.92
447,0.94
447.94,0.93
448.87,0.91
449.78,0.89
450.67,0.92
451.59,0.93
452.52,0.9
453.42,0.76
454.18,1.04
455.22,0.8
456.02,1
457.02,0.89
457.91,0.93
458.84,0.92
459.76,1.01
460.77,0.99
461.76,0.93
462.69,0.94
463.63,0.96
464.59,1
465.59,0.93
466.52,0.94
467.46,0.93
468.39,0.94
469.33,0.95
470.28,0.95
471.23,0.93
472.16,0.98
473.14,0.94
474.08,0.92
475,0.88
475.88,0.88
476.76,0.9
477.66,0.94
478.6,0.99
479.59,0.94
480.53,0.98
481.51,0.95
482.46,0.91
483.37,0.83
484.2,0.84
485.04,0.98
486.02,0.89
486.91,0.92
487.83,0.93
488.76,0.89
489.65,0.89
490.54,0.9
491.44,0.87
492.31,0.9
493.21,0.94
494.15,0.93
495.08,0.98
496.06,0.89
496.95,0.87
497.82,0.82
498.64,0.86
499.5,0.87
500.37,0.86
501.23,0.92
502.15,0.81
502.96,0.83
503.79,0.77
504.56,0.76
505.32,0.8
506.12,0.74
506.86,0.86
507.72,0.76
508.48,0.77
509.25,0.75
510,0.76
510.76,0.74
511.5,0.74
512.24,0.76
513,0.74
513.74,0.72
514.46,0.69
515.15,0.68
515.83,0.69
516.52,1.01
517.53,1.29
518.82,0.66
519.48,1.05
520.53,0.83
521.36,0.89
522.25,0.89
523.14,1.17
524.31,0.82
525.13,0.61
525.74,0.7
526.44,0.76
527.2,0.76
527.96,0.74
528.7,0.79
529.49,0.81
530.3,0.87
531.17,0.88
532.05,0.86
532.91,0.9
533.81,0.86
534.67,0.84
535.51,0.82
536.33,0.82
537.15,0.82
537.97,0.8
538.77,0.8
539.57,0.83
540.4,0.84
541.24,1.39
542.63,1.14
543.77,0.82
544.59,0.8
545.39,0.82
546.21,0.83
547.04,0.83
547.87,0.84
548.71,0.84
549.55,0.84
550.39,0.8
551.19,0.79
551.98,0.81
552.79,0.85
553.64,0.84
554.48,0.86
555.34,0.8
556.14,0.81
556.95,0.8
557.75,0.85
558.6,0.74
559.34,0.75
560.09,0.78
560.87,0.74
561.61,0.79
562.4,0.83
563.23,0.77
564,0.87
564.87,0.82
565.69,0.81
566.5,0.83
567.33,0.73
568.06,0.77
568.83,1.02
569.85,1.17
571.02,0.76
571.78,0.78
572.56,0.75
573.31,0.79
574.1,0.79
574.89,0.87
575.76,0.92
576.68,0.87
577.55,0.81
578.36,0.81
579.17,0.82
579.99,0.81
580.8,0.83
581.63,0.79
582.42,0.8
583.22,0.77
583.99,0.77
584.76,0.77
585.53,0.82
586.35,0.88
587.23,0.92
588.15,0.91
589.06,0.85
589.91,0.85
590.76,0.81
591.57,0.83
592.4,0.83
593.23,0.85
594.08,0.88
594.96,0.86
595.82,0.81
596.63,0.8
597.43,0.83
598.26,0.83
599.09,0.85
599.94,0.83
600.77,0.84
601.61,0.81
602.42,0.79
603.21,0.79
604,0.82
604.82,0.86
605.68,0.89
606.57,0.89
607.46,0.9
608.36,0.89
609.25,0.77
610.02,0.77
610.79,0.75
611.54,0.64
612.18,0.8
612.98,0.88
613.86,0.95
614.81,0.96
615.77,0.97
616.74,0.95
617.69,0.92
618.61,0.87
619.48,0.84
620.32,0.85
621.17,0.83
622,0.83
622.83,0.88
623.71,0.9
624.61,0.87
625.48,0.86
626.34,0.83
627.17,0.91
628.08,0.85
628.93,0.83
629.76,0.84
630.6,0.84
631.44,0.86
632.3,0.84
633.14,0.86
634,0.82
634.82,0.83
635.65,0.84
636.49,0.84
637.33,0.85
638.18,0.86
639.04,0.86
639.9,0.82
640.72,0.78
641.5,0.79
642.29,0.78
643.07,0.82
643.89,0.85
644.74,0.84
645.58,0.83
646.41,0.8
647.21,0.76
647.97,0.74
648.71,0.77
649.48,0.8
650.28,0.86
651.14,0.81
651.95,0.88
652.83,0.76
653.59,0.76
654.35,0.73
655.08,0.74
655.82,0.75
656.57,0.79
657.36,0.79
658.15,0.83
658.98,0.82
659.8,0.81
660.61,0.77
661.38,0.74
662.12,0.71
662.83,0.74
663.57,0.78
664.35,0.85
665.2,0.85
666.05,0.88
666.93,0.9
667.83,0.87
668.7,0.81
669.51,0.79
670.3,0.78
671.08,0.79
671.87,0.78
672.65,0.81
673.46,0.83
674.29,0.87
675.16,0.83
675.99,0.8
676.79,0.81
677.6,0.78
678.38,0.82
679.2,0.8
680,0.71
680.71,0.75
681.46,0.76
682.22,0.74
682.96,0.77
683.73,0.78
684.51,0.8
685.31,0.79
686.1,0.79
686.89,0.79
687.68,0.8
688.48,0.78
689.26,0.8
690.06,0.8
690.86,0.83
691.69,0.8
692.49,0.82
693.31,0.84
694.15,0.83
694.98,0.83
695.81,0.84
696.65,0.87
697.52,0.84
698.36,0.87
699.23,0.88
700.11,0.84
700.95,0.79
701.74,0.78
702.52,0.75
703.27,0.78
704.05,0.77
704.82,0.81
705.63,0.85
706.48,0.86
707.34,0.84
708.18,0.84
709.02,0.85
709.87,0.81
710.68,0.78
711.46,0.77
712.23,0.78
713.01,0.76
713.77,0.81
714.58,0.82
715.4,0.93
716.33,0.92
717.25,0.93
718.18,0.92
719.1,0.88
719.98,0.85
720.83,0.83
721.66,0.8
722.46,0.8
723.26,0.84
724.1,0.85
724.95,0.82
725.77,0.85
726.62,0.86
727.48,0.85
728.33,0.83
729.16,0.82
729.98,0.8
730.78,0.77
731.55,0.78
732.33,0.81
733.14,0.84
733.98,0.9
734.88,0.99
735.87,0.94
736.81,0.86
737.67,0.84
738.51,0.79
739.3,0.96
740.26,1.17
741.43,0.72
742.15,0.73
742.88,0.79
743.67,0.75
744.42,0.75
745.17,0.75
745.92,0.73
746.65,0.73
747.38,0.76
748.14,0.8
748.94,0.97
749.91,0.92
750.83,0.92
751.75,0.86
752.61,0.82
753.43,0.83
754.26,0.8
755.06,0.85
755.91,0.81
756.72,0.77
757.49,0.81
758.3,0.76
759.06,0.85
759.91,0.79
760.7,0.82
761.52,1.6
763.12,0.79
763.91,0.8
764.71,0.81
765.52,0.84
766.36,0.81
767.17,0.83
768,0.85
768.85,0.84
769.69,0.84
770.53,0.86
771.39,0.83
772.22,0.83
773.05,0.82
773.87,0.81
774.68,0.79
775.47,0.78
776.25,0.81
777.06,0.8
777.86,0.77
778.63,0.83
779.46,0.82
780.28,0.83
781.11,0.83
781.94,0.83
782.77,0.78
783.55,0.77
784.32,0.75
785.07,0.73
785.8,0.77
786.57,0.78
787.35,0.82
788.17,0.8
788.97,0.87
789.84,0.89
790.73,0.88
791.61,0.88
792.49,0.84
793.33,0.81
794.14,0.79
794.93,0.78
795.71,0.8
796.51,0.8
797.31,0.82
798.13,0.84
798.97,0.85
799.82,0.85
800.67,0.85
801.52,0.83
802.35,0.82
803.17,0.79
803.96,0.8
804.76,0.78
805.54,0.81
806.35,0.77
807.12,0.78
807.9,0.76
808.66,0.78
809.44,0.79
810.23,0.78
811.01,0.78
811.79,0.78
812.57,0.76
813.33,0.75
814.08,0.72
814.8,0.69
815.49,0.64
816.13,0.7
816.83,0.72
817.55,0.76
818.31,0.83
819.14,1.03
820.17,1.04
821.21,1.01
822.22,1
823.22,0.97
824.19,0.92
825.11,0.89
826,0.89
826.89,0.88
827.77,0.86
828.63,0.86
829.49,0.86
830.35,0.86
831.21,0.81
832.02,0.82
832.84,0.86
833.7,0.9
834.6,0.88
835.48,0.88
836.36,0.86
837.22,0.82
838.04,0.8
838.84,0.8
839.64,0.79
840.43,0.78
841.21,0.85
842.06,0.8
842.86,0.79
843.65,0.69
844.34,0.92
845.26,1.36
846.62,0.78
847.4,0.79
848.19,0.75
848.94,0.81
849.75,0.81
850.56,0.82
851.38,0.85
852.23,0.86
853.09,0.83
853.92,0.79
854.71,0.8
855.51,0.82
856.33,0.82
857.15,0.81
857.96,0.82
858.78,0.86
859.64,0.84
860.48,0.85
861.33,0.85
862.18,0.84
863.02,0.83
863.85,0.84
864.69,0.82
865.51,0.82
866.33,0.72
867.05,0.92
867.97,0.82
868.79,0.89
869.68,0.92
870.6,0.92
871.52,0.86
872.38,0.85
873.23,0.79
874.02,0.79
874.81,0.8
875.61,0.87
876.48,0.89
877.37,0.97
878.34,0.9
879.24,1.3
880.54,1.55
882.09,1.23
883.32,1.15
884.47,0.98
885.45,0.75
886.2,0.73
886.93,0.72
887.65,0.91
888.56,0.92
889.48,0.88
890.36,0.92
891.28,0.9
892.18,0.92
893.1,0.82
893.92,0.83
894.75,0.83
895.58,0.85
896.43,0.83
897.26,0.84
898.1,0.86
898.96,0.87
899.83,0.84
900.67,0.85
901.52,0.8
902.32,0.82
903.14,0.81
903.95,0.89
904.84,0.9
905.74,0.9
906.64,0.87
907.51,0.88
908.39,0.98
909.37,0.72
910.09,1.16
911.25,0.91
912.16,0.92
913.08,1.04
914.12,0.71
914.83,0.77
915.6,0.8
916.4,0.88
917.28,0.94
918.22,0.67
918.89,1.21
920.1,0.83
920.93,0.79
921.72,0.77
922.49,0.78
923.27,0.8
924.07,0.84
924.91,0.86
925.77,0.9
926.67,0.93
927.6,0.91
928.51,0.88
929.39,0.89
930.28,0.85
931.13,0.87
932,0.85
932.85,0.86
933.71,0.91
934.62,0.94
935.56,0.91
936.47,0.89
937.36,0.85
938.21,0.77
938.98,0.79
939.77,0.8
940.57,0.85
941.42,0.96
942.38,0.96
943.34,0.98
944.32,0.95
945.27,0.89
946.16,0.84
947,0.79
947.79,0.79
948.58,0.83
949.41,0.87
950.28,0.87
951.15,0.91
952.06,0.81
952.87,0.88
953.75,0.81
954.56,0.8
955.36,0.82
956.18,0.85
957.03,0.9
957.93,0.89
958.82,0.91
959.73,0.92
960.65,0.88
961.53,1.3
962.83,0.72
963.55,1.4
964.95,0.87
965.82,0.86
966.68,0.92
967.6,0.79
968.39,0.86
969.25,0.84
970.09,0.85
970.94,0.84
971.78,0.84
972.62,0.83
973.45,0.97
974.42,0.68
975.1,0.79
975.89,1.15
977.04,1.35
978.39,1.06
979.45,1.4
980.85,1.02
981.87,1.56
983.43,0.75
984.18,0.69
984.87,0.74
985.61,0.67
986.28,0.97
987.25,1.13
988.38,0.66
989.04,0.82
989.86,0.76
990.62,0.79
991.41,0.73
992.14,0.81
992.95,0.89
993.84,0.96
994.8,0.84
995.64,0.89
996.53,0.86
997.39,0.79
998.18,0.8
998.98,0.83
999.81,0.95
1000.76,1.23
1001.99,0.73
1002.72,0.93
1003.65,0.86
1004.51,0.8
1005.31,0.83
1006.14,0.82
1006.96,0.81
1007.77,0.59
1008.36,1.64
1010,0.81
1010.81,0.81
1011.62,0.86
1012.48,0.86
1013.34,0.92
1014.26,1.56
1015.82,0.68
1016.5,0.71
1017.21,0.75
1017.96,1
1018.96,1.5
1020.46,0.69
1021.15,0.97
1022.12,1.02
1023.14,0.98
1024.12,0.85
1024.97,1.05
1026.02,0.82
1026.84,0.79
1027.63,0.79
1028.42,0.81
1029.23,0.84
1030.07,0.92
1030.99,0.92
1031.91,0.89
1032.8,0.91
1033.71,0.92
1034.63,0.93
1035.56,0.91
1036.47,0.92
1037.39,0.88
1038.27,0.85
1039.12,0.86
1039.98,0.86
1040.84,1.1
1041.94,1.01
1042.95,0.85
1043.8,0.64
1044.44,0.86
1045.3,0.75
1046.05,0.99
1047.04,0.86
1047.9,1.26
1049.16,1.24
1050.4,0.84
1051.24,0.85
1052.09,0.88
1052.97,0.84
1053.81,0.89
1054.7,0.91
1055.61,0.79
1056.4,0.98
1057.38,0.86
1058.24,0.87
1059.11,0.75
1059.86,0.8
1060.66,1.03
1061.69,0.91
1062.6,0.89
1063.49,0.83
1064.32,0.98
1065.3,0.86
1066.16,1.08
1067.24,0.71
1067.95,1.29
1069.24,0.9
1070.14,1.03
1071.17,0.76
1071.93,0.78
1072.71,0.8
1073.51,0.83
1074.34,0.86
1075.2,0.9
1076.1,0.88
1076.98,0.87
1077.85,0.93
1078.78,0.9
1079.68,0.97
1080.65,1
1081.65,1.9
1083.55,0.88
1084.43,0.91
1085.34,0.89
1086.23,0.88
1087.11,0.95
1088.06,1.17
1089.23,0.8
1090.03,0.95
1090.98,0.91
1091.89,0.87
1092.76,0.85
1093.61,0.81
1094.42,0.82
1095.24,0.88
1096.12,0.84
1096.96,0.91
1097.87,0.94
1098.81,0.85
1099.66,0.85
1100.51,0.9
1101.41,0.65
1102.06,1.09
1103.15,0.77
1103.92,0.75
1104.67,0.73
1105.4,0.72
1106.12,0.77
1106.89,0.79
1107.68,0.87
1108.55,0.93
1109.48,0.98
1110.46,0.73
1111.19,0.65
1111.84,1.08
1112.92,0.93
1113.85,0.81
1114.66,0.85
1115.51,0.93
1116.44,0.95
1117.39,0.92
1118.31,0.93
1119.24,0.95
1120.19,0.91
1121.1,0.89
1121.99,0.84
1122.83,0.76
1123.59,0.75
1124.34,0.78
1125.12,0.83
1125.95,0.98
1126.93,0.98
1127.91,0.97
1128.88,0.92
1129.8,0.89
1130.69,0.86
1131.55,0.83
1132.38,0.79
1133.17,0.8
1133.97,0.85
1134.82,0.9
1135.72,0.9
1136.62,0.87
1137.49,0.92
1138.41,0.79
1139.2,0.76
1139.96,0.74
1140.7,0.76
1141.46,0.76
1142.22,0.75
1142.97,0.73
1143.7,0.72
1144.42,0.69
1145.11,0.7
1145.81,0.75
1146.56,0.56
1147.12,1.15
1148.27,0.91
1149.18,0.86
1150.04,0.97
1151.01,1
1152.01,0.94
1152.95,1.26
1154.21,0.91
1155.12,1.19
1156.31,0.71
1157.02,0.68
1157.7,0.82
1158.52,1.04
1159.56,1.11
1160.67,1.08
1161.75,1.04
1162.79,1.01
1163.8,0.95
1164.75,0.93
1165.68,0.9
1166.58,0.87
1167.45,0.87
1168.32,0.89
1169.21,0.9
1170.11,0.9
1171.01,0.91
1171.92,0.95
1172.87,0.92
1173.79,0.91
1174.7,0.86
1175.56,0.83
1176.39,0.86
1177.25,0.88
1178.13,0.89
1179.02,0.94
1179.96,0.91
1180.87,0.87
1181.74,0.88
1182.62,1.74
1184.36,0.81
1185.17,0.65
1185.82,1.06
1186.88,0.78
1187.66,0.74
1188.4,0.8
1189.2,0.81
1190.01,0.83
1190.84,0.82
1191.66,0.81
1192.47,0.79
1193.26,0.76
1194.02,1.22
1195.24,1.18
1196.42,0.99
1197.41,0.84
1198.25,0.82
1199.07,0.81
1199.88,0.78
1200.66,0.83
1201.49,0.89
1202.38,0.76
1203.14,1.01
1204.15,0.83
1204.98,0.78
1205.76,0.77
1206.53,0.74
1207.27,0.73
1208,0.73
1208.73,0.76
1209.49,0.84
1210.33,0.9
1211.23,0.94
1212.17,0.92
1213.09,0.93
1214.02,0.91
1214.93,0.89
1215.82,0.81
1216.63,0.79
1217.42,0.77
1218.19,0.82
1219.01,0.91
1219.92,0.96
1220.88,0.93
1221.81,0.93
1222.74,0.75
1223.49,0.98
1224.47,0.79
1225.26,0.77
1226.03,0.76
1226.79,0.86
1227.65,0.84
1228.49,0.89
1229.38,0.91
1230.29,0.92
1231.21,0.82
1232.03,0.83
1232.86,0.81
1233.67,0.82
1234.49,0.82
1235.31,0.83
1236.14,0.86
1237,0.84
1237.84,0.85
1238.69,0.79
1239.48,0.79
1240.27,0.59
1240.86,1.1
1241.96,0.67
1242.63,1.11
1243.74,0.84
1244.58,0.9
1245.48,0.88
1246.36,0.87
1247.23,0.83
1248.06,0.82
1248.88,0.82
1249.7,0.86
1250.56,0.89
1251.45,0.94
1252.39,0.97
1253.36,0.95
1254.31,0.97
1255.28,0.89
1256.17,0.81
1256.98,0.84
1257.82,0.79
1258.61,0.77
1259.38,0.85
1260.23,0.87
1261.1,0.87
1261.97,0.9
1262.87,0.9
1263.77,0.87
1264.64,0.87
1265.51,0.86
1266.37,0.84
1267.21,0.74
1267.95,0.77
1268.72,0.74
1269.46,0.73
1270.19,0.81
1271,0.87
1271.87,0.9
1272.77,0.93
1273.7,0.9
1274.6,0.9
1275.5,0.87
1276.37,0.83
1277.2,0.81
1278.01,0.82
1278.83,0.85
1279.68,0.87
1280.55,0.88
1281.43,0.97
1282.4,0.87
1283.27,1.18
1284.45,1.33
1285.78,0.81
1286.59,1.54
1288.13,1.24
1289.37,0.75
1290.12,0.69
1290.81,0.84
1291.65,0.83
1292.48,1.15
1293.63,0.61
1294.24,1.32
1295.56,1.05
1296.61,1.2
1297.81,0.75
1298.56,0.79
1299.35,0.9
1300.25,0.9
1301.15,0.91
1302.06,0.85
1302.91,0.77
1303.68,0.78
1304.46,0.81
1305.27,0.75
1306.02,0.94
1306.96,1.6
1308.56,0.78
1309.34,0.76
1310.1,0.69
1310.79,0.74
1311.53,0.76
1312.29,0.76
1313.05,0.78
1313.83,0.78
1314.61,0.87
1315.48,0.99
1316.47,0.96
1317.43,0.91
1318.34,0.84
1319.18,0.81
1319.99,0.68
1320.67,0.75
1321.42,0.75
1322.17,0.76
1322.93,0.8
1323.73,0.86
1324.59,0.85
1325.44,0.84
1326.28,0.85
1327.13,0.82
1327.95,0.8
1328.75,0.82
1329.57,0.66
1330.23,0.68
1330.91,0.83
1331.74,0.96
1332.7,0.78
1333.48,0.8
1334.28,0.83
1335.11,0.87
1335.98,0.83
1336.81,0.84
1337.65,0.88
1338.53,0.88
1339.41,0.82
1340.23,0.77
1341,0.77
1341.77,0.78
1342.55,0.79
1343.34,0.8
1344.14,0.77
1344.91,0.77
1345.68,0.77
1346.45,0.79
1347.24,0.84
1348.08,0.93
1349.01,0.95
1349.96,0.93
1350.89,0.89
1351.78,0.82
1352.6,0.87
1353.47,0.73
1354.2,0.75
1354.95,0.77
1355.72,0.83
1356.55,0.88
1357.43,0.89
1358.32,0.89
1359.21,0.89
1360.1,0.87
1360.97,0.83
1361.8,0.83
1362.63,0.81
1363.44,0.82
1364.26,0.81
1365.07,1.3
1366.37,1.43
1367.8,0.59
1368.39,1.15
1369.54,0.68
1370.22,0.7
1370.92,0.74
1371.66,0.67
1372.33,0.77
1373.1,0.71
1373.81,0.76
1374.57,0.75
1375.32,0.76
1376.08,0.72
1376.8,0.71
1377.51,0.72
1378.23,0.71
1378.94,0.68
1379.62,0.66
1380.28,0.66
1380.94,0.69
1381.63,0.95
1382.58,0.98
1383.56,1.02
1384.58,0.93
1385.51,0.98
1386.49,0.87
1387.36,0.82
1388.18,0.78
1388.96,0.71
1389.67,0.7
1390.37,0.99
1391.36,1.04
1392.4,0.75
1393.15,0.78
1393.93,0.8
1394.73,0.72
1395.45,0.75
1396.2,0.7
1396.9,1.16
1398.06,0.91
1398.97,0.94
1399.91,1.21
1401.12,1.31
1402.43,0.94
1403.37,0.57
1403.94,0.68
1404.62,0.65
1405.27,1.02
1406.29,0.94
1407.23,0.69
1407.92,0.7
1408.62,0.8
1409.42,0.88
1410.3,0.89
1411.19,0.64
1411.83,1.04
1412.87,0.79
1413.66,0.74
1414.4,0.71
1415.11,0.69
1415.8,0.75
1416.55,1.17
1417.72,1
1418.72,0.88
1419.6,0.99
1420.59,0.95
1421.54,0.8
1422.34,1.07
1423.41,0.79
1424.2,0.85
1425.05,0.74
1425.79,0.86
1426.65,0.96
1427.61,0.81
1428.42,1.1
1429.52,0.71
1430.23,0.73
1430.96,0.76
1431.72,0.76
1432.48,0.78
1433.26,0.82
1434.08,0.86
1434.94,0.57
1435.51,0.78
1436.29,1.41
1437.7,0.71
1438.41,0.84
1439.25,0.79
1440.04,0.77
1440.81,0.81
1441.62,0.86
1442.48,0.83
1443.31,0.78
1444.09,0.75
1444.84,0.72
1445.56,0.72
1446.28,0.75
1447.03,0.85
1447.88,0.92
1448.8,0.97
1449.77,0.99
1450.76,0.95
1451.71,0.88
1452.59,0.84
1453.43,0.81
1454.24,0.81
1455.05,0.77
1455.82,0.81
1456.63,0.83
1457.46,0.87
1458.33,0.83
1459.16,0.81
1459.97,0.97
1460.94,0.57
1461.51,0.88
1462.39,0.75
1463.14,0.98
1464.12,1.03
1465.15,1.26
1466.41,0.75
1467.16,0.76
1467.92,1.2
1469.12,0.84
1469.96,0.72
1470.68,0.91
1471.59,1.79
1473.38,0.86
1474.24,0.61
1474.85,0.92
1475.77,0.77
1476.54,0.76
1477.3,0.83
1478.13,0.91
1479.04,0.83
1479.87,0.93
1480.8,0.72
1481.52,0.8
1482.32,0.94
1483.26,0.77
1484.03,0.75
1484.78,0.75
1485.53,0.77
1486.3,0.79
1487.09,0.83
1487.92,0.84
1488.76,0.82
1489.58,0.83
1490.41,0.86
1491.27,0.84
1492.11,0.88
1492.99,0.87
1493.86,0.86
1494.72,0.9
1495.62,0.93
1496.55,0.91
1497.46,0.84
1498.3,0.82
1499.12,0.82
1499.94,0.82
1500.76,0.77
1501.53,0.78
1502.31,0.78
1503.09,0.76
1503.85,0.79
1504.64,0.83
1505.47,0.86
1506.33,0.93
1507.26,0.91
1508.17,0.91
1509.08,0.87
1509.95,0.81
1510.76,0.8
1511.56,0.84
1512.4,0.83
1513.23,0.82
1514.05,0.8
1514.85,0.8
1515.65,0.84
1516.49,0.83
1517.32,0.77
1518.09,0.76
1518.85,0.76
1519.61,0.8
1520.41,0.81
1521.22,0.9
1522.12,0.85
1522.97,0.89
1523.86,0.92
1524.78,0.9
1525.68,0.84
1526.52,0.8
1527.32,0.85
1528.17,0.8
1528.97,0.7
1529.67,0.71
1530.38,0.69
1531.07,0.77
1531.84,0.88
1532.72,0.92
1533.64,0.94
1534.58,0.92
1535.5,0.9
1536.4,0.9
1537.3,0.9
1538.2,0.86
1539.06,0.88
1539.94,0.85
1540.79,0.86
1541.65,0.83
1542.48,0.78
1543.26,0.82
1544.08,0.81
1544.89,0.78
1545.67,0.78
1546.45,0.8
1547.25,0.85
1548.1,0.8
1548.9,0.82
1549.72,0.86
1550.58,0.88
1551.46,0.86
1552.32,0.82
1553.14,0.77
1553.91,0.77
1554.68,0.78
1555.46,0.78
1556.24,0.81
1557.05,0.83
1557.88,0.78
1558.66,0.78
1559.44,0.87
1560.31,0.86
1561.17,0.84
1562.01,0.85
1562.86,0.74
1563.6,0.76
1564.36,0.74
1565.1,0.73
1565.83,0.76
1566.59,0.77
1567.36,0.77
1568.13,0.76
1568.89,0.73
1569.62,0.73
1570.35,0.7
1571.05,0.67
1571.72,1.02
1572.74,0.56
1573.3,0.69
1573.99,0.77
1574.76,0.74
1575.5,0.82
1576.32,0.87
1577.19,0.7
1577.89,1.11
1579,0.87
1579.87,0.8
1580.67,0.77
1581.44,0.74
1582.18,0.72
1582.9,1.45
1584.35,0.74
1585.09,0.6
1585.69,0.83
1586.52,0.62
1587.14,0.94
1588.08,0.85
1588.93,0.75
1589.68,0.74
1590.42,0.8
1591.22,0.76
1591.98,0.75
1592.73,0.72
1593.45,0.67
1594.12,0.75
1594.87,0.95
1595.82,0.94
1596.76,0.95
1597.71,0.94
1598.65,0.95
1599.6,0.84
1600.44,0.91
1601.35,0.92
1602.27,0.99
1603.26,1
1604.26,0.82
1605.08,1.18
1606.26,0.77
1607.03,0.97
1608,1.18
1609.18,1.55
1610.73,0.86
1611.59,0.93
1612.52,0.92
1613.44,1.06
1614.5,1.46
1615.96,1.4
1617.36,1.15
1618.51,1.13
1619.64,0.97
1620.61,0.82
1621.43,0.74
1622.17,0.85
1623.02,0.91
1623.93,0.85
1624.78,0.86
1625.64,0.9
1626.54,0.94
1627.48,0.96
1628.44,0.94
1629.38,0.95
1630.33,0.96
1631.29,0.95
1632.24,0.94
1633.18,0.93
1634.11,0.96
1635.07,0.91
1635.98,0.91
1636.89,0.92
1637.81,0.96
1638.77,0.93
1639.7,0.96
1640.66,0.69
1641.35,1.04
1642.39,0.83
1643.22,0.85
1644.07,0.91
1644.98,0.9
1645.88,0.97
1646.85,0.98
1647.83,0.93
1648.76,0.92
1649.68,0.86
1650.54,0.86
1651.4,0.8
1652.2,0.82
1653.02,0.85
1653.87,0.86
1654.73,0.83
1655.56,0.86
1656.42,0.84
1657.26,0.84
1658.1,0.83
1658.93,0.85
1659.78,0.85
1660.63,0.84
1661.47,0.85
1662.32,0.85
1663.17,0.85
1664.02,0.9
1664.92,0.94
1665.86,0.96
1666.82,0.93
1667.75,0.93
1668.68,1.74
1670.42,0.75
1671.17,0.75
1671.92,0.71
1672.63,0.72
1673.35,0.73
1674.08,0.73
1674.81,0.59
1675.4,1.14
1676.54,0.87
1677.41,0.86
1678.27,0.84
1679.11,0.84
1679.95,0.84
1680.79,0.81
1681.6,0.82
1682.42,0.82
1683.24,1.04
1684.28,0.63
1684.91,0.79
1685.7,0.83
1686.53,0.82
1687.35,0.82
1688.17,0.85
1689.02,0.88
1689.9,0.87
1690.77,0.87
1691.64,0.85
1692.49,0.85
1693.34,0.75
1694.09,0.84
1694.93,0.79
1695.72,0.86
1696.58,0.77
1697.35,1.18
1698.53,0.93
1699.46,0.85
1700.31,0.83
1701.14,0.79
1701.93,0.76
1702.69,0.84
1703.53,0.79
1704.32,0.75
1705.07,0.83
1705.9,0.82
1706.72,0.87
1707.59,1.67
1709.26,0.99
1710.25,1.34
1711.59,0.77
1712.36,0.79
1713.15,0.84
1713.99,0.9
1714.89,0.9
1715.79,0.91
1716.7,0.93
1717.63,0.89
1718.52,0.86
1719.38,0.86
1720.24,0.86
1721.1,0.81
1721.91,0.82
1722.73,0.84
1723.57,0.91
1724.48,0.68
1725.16,0.93
1726.09,0.9
1726.99,0.98
1727.97,0.92
1728.89,0.88
1729.77,0.87
1730.64,0.85
1731.49,0.82
1732.31,0.75
1733.06,0.9
1733.96,0.83
1734.79,0.81
1735.6,0.74
1736.34,0.83
1737.17,0.87
1738.04,0.92
1738.96,0.95
1739.91,0.9
1740.81,0.86
1741.67,0.84
1742.51,0.82
1743.33,0.79
1744.12,0.78
1744.9,0.8
1745.7,0.83
1746.53,0.88
1747.41,0.84
1748.25,0.86
1749.11,0.8
1749.91,0.79
1750.7,0.79
1751.49,0.8
1752.29,0.81
1753.1,0.82
1753.92,0.92
1754.84,0.96
1755.8,0.94
1756.74,0.91
1757.65,0.88
1758.53,0.83
1759.36,0.79
1760.15,0.78
1760.93,0.79
1761.72,0.78
1762.5,0.77
1763.27,0.8
1764.07,0.82
1764.89,0.74
1765.63,0.79
1766.42,1.76
1768.18,0.83
1769.01,1.04
1770.05,0.75
1770.8,0.82
1771.62,0.61
1772.23,0.63
1772.86,0.64
1773.5,0.64
1774.14,0.68
1774.82,0.72
1775.54,0.71
1776.25,0.72
1776.97,0.7
1777.67,0.69
1778.36,0.67
1779.03,0.66
1779.69,0.7
1780.39,0.69
1781.08,0.72
1781.8,0.8
1782.6,0.82
1783.42,0.88
1784.3,0.95
1785.25,0.97
1786.22,0.78
1787,0.82
1787.82,0.82
1788.64,0.84
1789.48,0.82
1790.3,0.83
1791.13,0.82
1791.95,0.93
1792.88,0.75
1793.63,0.82
1794.45,0.89
1795.34,0.89
1796.23,0.88
1797.11,0.79
1797.9,0.9
1798.8,0.81
1799.61,0.81
1800.42,0.62
1801.04,0.87
1801.91,0.82
1802.73,0.8
1803.53,0.82
1804.35,0.88
1805.23,0.87
1806.1,0.88
1806.98,0.86
1807.84,0.83
1808.67,0.82
1809.49,0.82
1810.31,0.77
1811.08,0.79
1811.87,0.84
1812.71,0.91
1813.62,0.89
1814.51,0.88
1815.39,0.9
1816.29,0.84
1817.13,0.86
1817.99,0.87
1818.86,0.77
1819.63,1.64
1821.27,0.76
1822.03,0.81
1822.84,0.84
1823.68,0.89
1824.57,0.87
1825.44,0.88
1826.32,0.7
1827.02,1.02
1828.04,1.25
1829.29,0.94
1830.23,0.87
1831.1,1.27
1832.37,0.67
1833.04,0.66
1833.7,0.73
1834.43,0.74
1835.17,0.78
1835.95,0.78
1836.73,0.78
1837.51,0.78
1838.29,0.75
1839.04,0.77
1839.81,0.97
1840.78,0.73
1841.51,0.63
1842.14,0.71
1842.85,0.69
1843.54,0.67
1844.21,0.64
1844.85,0.67
1845.52,0.68
1846.2,0.73
1846.93,0.86
1847.79,0.92
1848.71,0.92
1849.63,0.91
1850.54,0.99
1851.53,0.87
1852.4,0.87
1853.27,0.86
1854.13,0.86
1854.99,0.82
1855.81,0.77
1856.58,0.77
1857.35,0.97
1858.32,1.28
1859.6,0.64
1860.24,0.69
1860.93,0.67
1861.6,0.75
1862.35,0.69
1863.04,0.65
1863.69,0.51
1864.2,0.96
1865.16,0.89
1866.05,0.85
1866.9,0.83
1867.73,0.81
1868.54,0.79
1869.33,0.81
1870.14,0.81
1870.95,0.84
1871.79,0.89
1872.68,0.88
1873.56,0.86
1874.42,0.88
1875.3,0.85
1876.15,0.84
1876.99,0.84
1877.83,0.83
1878.66,0.82
1879.48,0.83
1880.31,0.85
1881.16,0.83
1881.99,0.86
1882.85,0.85
1883.7,0.83
1884.53,0.85
1885.38,0.86
1886.24,0.85
1887.09,0.9
1887.99,0.93
1888.92,0.88
1889.8,0.87
1890.67,0.85
1891.52,0.79
1892.31,0.79
1893.1,0.8
1893.9,0.9
1894.8,0.81
1895.61,0.91
1896.52,0.9
1897.42,0.95
1898.37,0.81
1899.18,1.18
1900.36,1.67
1902.03,1.03
1903.06,1.15
1904.21,1.09
1905.3,0.88
1906.18,1.46
1907.64,0.74
1908.38,0.73
1909.11,0.7
1909.81,0.87
1910.68,1.39
1912.07,0.79
1912.86,0.81
1913.67,0.79
1914.46,0.79
1915.25,0.8
1916.05,0.78
1916.83,0.8
1917.63,0.79
1918.42,0.79
1919.21,0.81
1920.02,0.79
1920.81,0.8
1921.61,0.81
1922.42,0.82
1923.24,0.82
1924.06,0.97
1925.03,0.59
1925.62,0.83
1926.45,0.77
1927.22,0.76
1927.98,0.76
1928.74,0.8
1929.54,0.81
1930.35,0.85
1931.2,0.84
1932.04,0.81
1932.85,0.82
1933.67,0.78
1934.45,0.77
1935.22,0.76
1935.98,0.77
1936.75,0.78
1937.53,0.84
1938.37,0.85
1939.22,0.84
1940.06,0.89
1940.95,1.09
1942.04,0.59
1942.63,0.78
1943.41,0.75
1944.16,1
1945.16,0.83
1945.99,0.84
1946.83,0.81
1947.64,0.83
1948.47,0.83
1949.3,0.84
1950.14,0.85
1950.99,0.91
1951.9,0.88
1952.78,0.9
1953.68,0.9
1954.58,0.83
1955.41,0.85
1956.26,0.81
1957.07,0.8
1957.87,0.81
1958.68,0.88
1959.56,0.9
1960.46,0.88
1961.34,0.9
1962.24,0.88
1963.12,0.86
1963.98,0.84
1964.82,0.83
1965.65,0.8
1966.45,0.81
1967.26,0.8
1968.06,0.82
1968.88,0.85
1969.73,0.9
1970.63,0.88
1971.51,0.88
1972.39,0.88
1973.27,0.85
1974.12,0.84
1974.96,0.88
1975.84,0.95
1976.79,0.95
1977.74,1.5
1979.24,1.62
1980.86,1.35
1982.21,0.78
1982.99,0.82
1983.81,0.76
1984.57,0.83
1985.4,0.86
1986.26,0.77
1987.03,0.83
1987.86,0.86
1988.72,1.5
1990.22,0.74
1990.96,0.77
1991.73,0.8
1992.53,0.75
1993.28,0.78
1994.06,0.75
1994.81,0.76
1995.57,0.75
1996.32,0.78
1997.1,0.78
1997.88,0.82
1998.7,0.77
1999.47,0.66
2000.13,0.95
2001.08,0.75
2001.83,0.81
2002.64,1.6
2004.24,1.84
2006.08,0.85
2006.93,0.87
2007.8,0.8
2008.6,0.77
2009.37,0.71
2010.08,1.41
2011.49,0.66
2012.15,0.53
2012.68,0.77
2013.45,1.03
2014.48,1.14
2015.62,1.14
2016.76,0.56
2017.32,0.8
2018.12,1.05
2019.17,0.87
2020.04,0.88
2020.92,0.86
2021.78,0.86
2022.64,0.69
2023.33,0.78
2024.11,0.8
2024.91,0.84
2025.75,0.87
2026.62,0.8
2027.42,0.81
2028.23,0.73
2028.96,0.71
2029.67,0.72
2030.39,0.75
2031.14,0.82
2031.96,0.82
2032.78,0.77
2033.55,0.82
2034.37,0.78
2035.15,0.87
2036.02,0.9
2036.92,0.88
2037.8,0.79
2038.59,0.76
2039.35,0.72
2040.07,0.65
2040.72,0.65
2041.37,0.67
2042.04,0.84
2042.88,1.11
2043.99,1.01
2045,0.86
2045.86,0.9
2046.76,1
2047.76,0.98
2048.74,0.92
2049.66,1.46
2051.12,0.76
2051.88,0.85
2052.73,0.67
2053.4,0.68
2054.08,0.71
2054.79,0.67
2055.46,0.66
2056.12,0.74
2056.86,0.78
2057.64,0.75
2058.39,0.77
2059.16,0.71
2059.87,0.78
2060.65,0.68
2061.33,0.68
2062.01,0.65
2062.66,0.71
2063.37,0.69
2064.06,0.66
2064.72,0.65
2065.37,0.66
2066.03,0.72
2066.75,0.97
2067.72,0.75
2068.47,1.05
2069.52,0.89
2070.41,0.95
2071.36,0.92
2072.28,0.86
2073.14,0.8
2073.94,0.82
2074.76,0.76
2075.52,0.76
2076.28,0.76
2077.04,0.76
2077.8,0.78
2078.58,1.04
2079.62,0.99
2080.61,0.89
2081.5,0.68
2082.18,1.01
2083.19,0.85
2084.04,0.85
2084.89,0.84
2085.73,0.85
2086.58,0.89
2087.47,0.97
2088.44,0.91
2089.35,0.87
2090.22,0.88
2091.1,0.86
2091.96,0.86
2092.82,0.79
2093.61,0.78
2094.39,0.79
2095.18,0.82
2096,0.6
2096.6,0.99
2097.59,0.7
2098.29,0.77
2099.06,0.78
2099.84,0.92
2100.76,0.77
2101.53,1.16
2102.69,0.78
2103.47,0.87
2104.34,0.9
2105.24,0.92
2106.16,0.92
2107.08,0.88
2107.96,0.83
2108.79,0.77
2109.56,0.71
2110.27,0.68
2110.95,0.68
2111.63,0.7
2112.33,0.75
2113.08,0.8
2113.88,0.78
2114.66,0.79
2115.45,0.84
2116.29,0.87
2117.16,0.94
2118.1,0.57
2118.67,1.02
2119.69,0.72
2120.41,0.73
2121.14,0.71
2121.85,0.76
2122.61,0.78
2123.39,1.5
2124.89,1.38
2126.27,0.63
2126.9,0.73
2127.63,0.68
2128.31,0.71
2129.02,0.79
2129.81,0.85
2130.66,0.87
2131.53,0.9
2132.43,0.68
2133.11,0.98
2134.09,0.78
2134.87,0.77
2135.64,0.78
2136.42,0.79
2137.21,0.8
2138.01,0.83
2138.84,0.85
2139.69,0.87
2140.56,0.84
2141.4,0.84
2142.24,0.85
2143.09,0.82
2143.91,0.84
2144.75,0.81
2145.56,0.85
2146.41,0.84
2147.25,0.84
2148.09,0.84
2148.93,0.83
2149.76,0.86
2150.62,0.89
2151.51,0.83
2152.34,0.84
2153.18,0.85
2154.03,0.83
2154.86,0.84
2155.7,0.82
2156.52,0.79
2157.31,0.81
2158.12,0.83
2158.95,0.81
2159.76,0.86
2160.62,0.86
2161.48,0.85
2162.33,0.81
2163.14,0.81
2163.95,0.83
2164.78,1.19
2165.97,1.26
2167.23,0.84
2168.07,0.83
2168.9,0.87
2169.77,0.85
2170.62,0.79
2171.41,0.73
2172.14,0.76
2172.9,0.85
2173.75,0.89
2174.64,0.92
2175.56,0.93
2176.49,0.9
2177.39,0.87
2178.26,0.87
2179.13,0.93
2180.06,0.75
2180.81,0.83
2181.64,0.9
2182.54,1.17
2183.71,1.25
2184.96,0.9
2185.86,0.88
2186.74,0.89
2187.63,0.85
2188.48,0.8
2189.28,0.81
2190.09,0.8
2190.89,0.81
2191.7,0.79
2192.49,0.8
2193.29,0.8
2194.09,0.81
2194.9,0.82
2195.72,0.87
2196.59,0.91
2197.5,0.89
2198.39,0.91
2199.3,0.87
2200.17,0.84
2201.01,0.85
2201.86,0.88
2202.74,0.87
2203.61,0.86
2204.47,0.83
2205.3,0.79
2206.09,0.79
2206.88,0.79
2207.67,0.81
2208.48,0.82
2209.3,0.88
2210.18,0.94
2211.12,0.93
2212.05,0.88
2212.93,0.87
2213.8,0.82
2214.62,0.79
2215.41,0.8
2216.21,0.83
2217.04,0.82
2217.86,0.84
2218.7,0.86
2219.56,0.88
2220.44,0.86
2221.3,0.91
2222.21,0.8
2223.01,0.79
2223.8,0.69
2224.49,0.86
2225.35,0.79
2226.14,0.94
2227.08,0.93
2228.01,1.55
2229.56,1.31
2230.87,0.92
2231.79,0.88
2232.67,0.84
2233.51,0.86
2234.37,0.84
2235.21,0.87
2236.08,0.74
2236.82,0.76
2237.58,1.16
2238.74,0.99
2239.73,0.73
2240.46,0.74
2241.2,0.84
2242.04,0.79
2242.83,0.85
2243.68,0.91
2244.59,1.62
2246.21,1.08
2247.29,1.24
2248.53,0.77
2249.3,0.78
2250.08,0.8
2250.88,0.84
2251.72,0.87
2252.59,0.87
2253.46,0.86
2254.32,0.84
2255.16,0.82
2255.98,0.82
2256.8,0.83
2257.63,0.8
2258.43,0.79
2259.22,1.39
2260.61,1.08
2261.69,0.85
2262.54,0.74
2263.28,0.75
2264.03,1.65
2265.68,1.44
2267.12,0.8
2267.92,0.79
2268.71,0.78
2269.49,1.2
2270.69,0.59
2271.28,0.61
2271.89,0.65
2272.54,0.78
2273.32,0.77
2274.09,0.86
2274.95,0.98
2275.93,0.89
2276.82,0.92
2277.74,0.91
2278.65,0.88
2279.53,0.88
2280.41,0.96
2281.37,0.73
2282.1,0.71
2282.81,2.19
2285,1.43
2286.43,0.83
2287.26,0.82
2288.08,0.74
2288.82,1.23
2290.05,1.34
2291.39,0.93
2292.32,0.84
2293.16,0.93
2294.09,1.75
2295.84,1.16
2297,0.88
2297.88,0.82
2298.7,0.81
2299.51,0.73
2300.24,0.71
2300.95,0.71
2301.66,0.77
2302.43,0.78
2303.21,0.78
2303.99,0.81
2304.8,0.84
2305.64,0.8
2306.44,0.8
2307.24,0.76
2308,0.74
2308.74,0.74
2309.48,0.74
2310.22,0.79
2311.01,0.72
2311.73,0.76
2312.49,0.79
2313.28,0.76
2314.04,0.75
2314.79,0.77
2315.56,0.86
2316.42,0.86
2317.28,0.84
2318.12,0.8
2318.92,0.84
2319.76,0.83
2320.59,0.76
2321.35,0.79
2322.14,0.8
2322.94,0.79
2323.73,0.79
2324.52,0.81
2325.33,0.81
2326.14,0.85
2326.99,0.82
2327.81,0.82
2328.63,0.9
2329.53,0.89
2330.42,0.86
2331.28,0.85
2332.13,0.82
2332.95,0.81
2333.76,0.76
2334.52,0.78
2335.3,0.78
2336.08,0.85
2336.93,0.9
2337.83,0.84
2338.67,0.78
2339.45,0.72
2340.17,0.8
2340.97,0.78
2341.75,0.83
2342.58,0.84
2343.42,0.89
2344.31,0.89
2345.2,0.93
2346.13,0.89
2347.02,0.9
2347.92,0.86
2348.78,0.85
2349.63,0.78
2350.41,0.81
2351.22,0.86
2352.08,0.8
2352.88,0.81
2353.69,0.82
2354.51,0.81
2355.32,0.81
2356.13,0.78
2356.91,0.79
2357.7,0.78
2358.48,0.8
2359.28,0.78
2360.06,0.79
2360.85,0.81
2361.66,0.81
2362.47,0.78
2363.25,0.79
2364.04,0.79
2364.83,0.84
2365.67,0.88
2366.55,0.89
2367.44,0.86
2368.3,0.84
2369.14,0.82
2369.96,0.81
2370.77,0.83
2371.6,0.84
2372.44,0.84
2373.28,0.82
2374.1,0.82
2374.92,0.84
2375.76,0.85
2376.61,0.9
2377.51,0.94
2378.45,0.89
2379.34,0.89
2380.23,0.87
2381.1,0.83
2381.93,0.86
2382.79,0.88
2383.67,0.89
2384.56,0.92
2385.48,0.91
2386.39,0.87
2387.26,0.86
2388.12,0.81
2388.93,0.79
2389.72,0.75
2390.47,0.78
2391.25,0.83
2392.08,0.87
2392.95,0.9
2393.85,0.92
2394.77,0.87
2395.64,0.88
2396.52,0.88
2397.4,0.81
2398.21,0.77
2398.98,0.74
2399.72,0.72
2400.44,0.74
2401.18,0.73
2401.91,0.76
2402.67,0.8
2403.47,0.79
2404.26,0.74
2405,0.7
2405.7,0.73
2406.43,0.76
2407.19,0.88
2408.07,1.07
2409.14,0.95
2410.09,0.95
2411.04,1.01
2412.05,0.99
2413.04,0.83
2413.87,0.81
2414.68,0.76
2415.44,0.72
2416.16,0.7
2416.86,0.69
2417.55,0.69
2418.24,0.71
2418.95,0.72
2419.67,0.72
2420.39,0.68
2421.07,0.69
2421.76,0.71
2422.47,0.76
2423.23,0.84
2424.07,0.87
2424.94,0.91
2425.85,0.81
2426.66,0.79
2427.45,0.76
2428.21,0.69
2428.9,0.71
2429.61,0.73
2430.34,0.56
2430.9,0.89
2431.79,0.49
2432.28,0.77
2433.05,0.76
2433.81,0.67
2434.48,0.76
2435.24,0.71
2435.95,0.66
2436.61,0.69
2437.3,0.7
2438,0.73
2438.73,0.76
2439.49,0.8
2440.29,0.88
2441.17,0.92
2442.09,0.95
2443.04,0.92
2443.96,0.88
2444.84,0.87
2445.71,0.83
2446.54,0.81
2447.35,0.8
2448.15,0.81
2448.96,0.82
2449.78,0.86
2450.64,0.85
2451.49,0.88
2452.37,0.88
2453.25,0.86
2454.11,0.86
2454.97,0.86
2455.83,0.84
2456.67,0.84
2457.51,0.86
2458.37,0.74
2459.11,0.99
2460.1,1.61
2461.71,0.75
2462.46,0.71
2463.17,0.74
2463.91,0.76
2464.67,0.74
2465.41,0.75
2466.16,0.74
2466.9,0.73
2467.63,0.72
2468.35,0.72
2469.07,0.72
2469.79,0.79
2470.58,0.78
2471.36,0.77
2472.13,0.76
2472.89,0.73
2473.62,0.76
2474.38,0.77
2475.15,0.65
2475.8,0.74
2476.54,0.75
2477.29,0.84
2478.13,0.81
2478.94,0.8
2479.74,0.79
2480.53,0.79
2481.32,0.82
2482.14,0.83
2482.97,0.83
2483.8,0.74
2484.54,0.76
2485.3,0.79
2486.09,0.8
2486.89,0.75
2487.64,0.75
2488.39,0.73
2489.12,0.73
2489.85,0.72
2490.57,0.73
2491.3,0.72
2492.02,0.72
2492.74,0.7
2493.44,0.71
2494.15,0.73
2494.88,0.78
2495.66,0.84
2496.5,0.84
2497.34,0.85
2498.19,0.86
2499.05,0.82
2499.87,0.8
2500.67,0.8
2501.47,0.84
2502.31,0.88
2503.19,0.89
2504.08,0.96
2505.04,0.94
2505.98,0.8
2506.78,0.87
2507.65,0.83
2508.48,0.82
2509.3,0.77
2510.07,0.79
2510.86,0.83
2511.69,0.96
2512.65,0.9
2513.55,0.94
2514.49,0.94
2515.43,0.9
2516.33,0.89
2517.22,0.87
2518.09,0.84
2518.93,0.84
2519.77,0.85
2520.62,0.86
2521.48,0.83
2522.31,0.91
2523.22,0.84
2524.06,0.85
2524.91,0.86
2525.77,0.89
2526.66,0.87
2527.53,0.86
2528.39,0.86
2529.25,0.83
2530.08,0.67
2530.75,0.9
2531.65,0.77
2532.42,0.75
2533.17,0.84
2534.01,0.91
2534.92,0.89
2535.81,0.89
2536.7,0.88
2537.58,0.83
2538.41,0.8
2539.21,0.79
2540,0.79
2540.79,0.81
2541.6,0.83
2542.43,0.84
2543.27,0.87
2544.14,0.88
2545.02,0.85
2545.87,0.82
2546.69,0.8
2547.49,0.78
2548.27,0.73
2549,0.71
2549.71,0.71
2550.42,0.63
2551.05,0.78
2551.83,0.73
2552.56,0.81
2553.37,0.57
2553.94,0.98
2554.92,0.83
2555.75,0.79
2556.54,0.83
2557.37,0.89
2558.26,0.81
2559.07,0.86
2559.93,0.76
2560.69,0.75
2561.44,0.75
2562.19,0.75
2562.94,0.75
2563.69,0.75
2564.44,0.78
2565.22,0.82
2566.04,0.86
2566.9,0.89
2567.79,0.9
2568.69,0.86
2569.55,0.81
2570.36,0.85
2571.21,0.82
2572.03,0.75
2572.78,0.72
2573.5,0.82
2574.32,1.05
2575.37,1.08
2576.45,1.03
2577.48,0.98
2578.46,0.96
2579.42,0.93
2580.35,0.88
2581.23,0.84
2582.07,0.81
2582.88,0.81
2583.69,0.86
2584.55,0.87
2585.42,0.86
2586.28,0.86
2587.14,0.84
2587.98,0.81
2588.79,0.83
2589.62,0.83
2590.45,0.85
2591.3,0.84
2592.14,0.77
2592.91,0.7
2593.61,0.73
2594.34,0.73
2595.07,0.78
2595.85,0.82
2596.67,0.82
2597.49,0.82
2598.31,0.85
2599.16,0.85
2600.01,0.86
2600.87,0.8
2601.67,0.75
2602.42,0.71
2603.13,0.72
2603.85,0.75
2604.6,0.81
2605.41,0.83
2606.24,0.78
2607.02,0.76
2607.78,0.7
2608.48,0.73
2609.21,0.75
2609.96,0.72
2610.68,0.79
2611.47,0.76
2612.23,0.77
2613,0.76
2613.76,0.73
2614.49,0.73
2615.22,0.73
2615.95,0.74
2616.69,0.74
2617.43,0.78
2618.21,0.76
2618.97,0.76
2619.73,0.76
2620.49,0.78
2621.27,0.78
2622.05,0.79
2622.84,0.78
2623.62,0.79
2624.41,0.75
2625.16,0.77
2625.93,0.78
2626.71,0.83
2627.54,0.8
2628.34,0.92
2629.26,0.8
2630.06,0.77
2630.83,0.76
2631.59,0.76
2632.35,0.79
2633.14,0.81
2633.95,0.85
2634.8,0.83
2635.63,0.86
2636.49,0.88
2637.37,0.86
2638.23,0.75
2638.98,0.78
2639.76,0.76
2640.52,0.75
2641.27,0.84
2642.11,0.97
2643.08,0.97
2644.05,0.93
2644.98,0.9
2645.88,0.85
2646.73,0.79
2647.52,0.72
2648.24,0.68
2648.92,0.68
2649.6,0.71
2650.31,0.73
2651.04,0.82
2651.86,0.99
2652.85,1
2653.85,1
2654.85,0.95
2655.8,0.89
2656.69,0.9
2657.59,0.82
2658.41,0.78
2659.19,0.73
2659.92,0.71
2660.63,0.72
2661.35,0.76
2662.11,0.72
2662.83,0.78
2663.61,0.83
2664.44,0.89
2665.33,0.89
2666.22,0.89
2667.11,0.82
2667.93,0.8
2668.73,0.73
2669.46,0.69
2670.15,0.73
2670.88,0.76
2671.64,0.87
2672.51,0.92
2673.43,1.28
2674.71,1.42
2676.13,0.88
2677.01,0.82
2677.83,0.8
2678.63,0.8
2679.43,0.76
2680.19,0.77
2680.96,0.78
2681.74,0.78
2682.52,0.82
2683.34,0.74
2684.08,0.77
2684.85,0.73
2685.58,0.71
2686.29,0.74
2687.03,0.71
2687.74,0.7
2688.44,0.67
2689.11,0.7
2689.81,0.69
2690.5,0.72
2691.22,0.69
2691.91,0.74
2692.65,0.74
2693.39,0.77
2694.16,0.72
2694.88,0.71
2695.59,0.7
2696.29,0.7
2696.99,0.68
2697.67,0.69
2698.36,0.68
2699.04,0.71
2699.75,0.74
2700.49,0.77
2701.26,0.87
2702.13,0.95
2703.08,0.92
2704,0.92
2704.92,0.89
2705.81,0.84
2706.65,0.82
2707.47,0.79
2708.26,0.81
2709.07,0.89
2709.96,0.96
2710.92,0.94
2711.86,0.97
2712.83,0.97
2713.8,0.88
2714.68,0.83
2715.51,0.81
2716.32,0.8
2717.12,0.78
2717.9,0.78
2718.68,0.82
2719.5,0.83
2720.33,1.28
2721.61,1.3
2722.91,0.82
2723.73,0.82
2724.55,0.85
2725.4,0.8
2726.2,0.79
2726.99,0.78
2727.77,0.82
2728.59,0.85
2729.44,0.87
2730.31,0.87
2731.18,0.85
2732.03,0.8
2732.83,0.81
2733.64,0.83
2734.47,0.82
2735.29,0.84
2736.13,0.89
2737.02,0.84
2737.86,0.83
2738.69,0.85
2739.54,0.87
2740.41,0.84
2741.25,0.84
2742.09,0.83
2742.92,0.79
2743.71,0.8
2744.51,0.84
2745.35,0.8
2746.15,0.76
2746.91,0.89
2747.8,0.93
2748.73,0.87
2749.6,0.89
2750.49,0.85
2751.34,0.82
2752.16,0.79
2752.95,0.78
2753.73,0.77
2754.5,0.72
2755.22,0.72
2755.94,0.77
2756.71,0.79
2757.5,0.88
2758.38,0.85
2759.23,0.85
2760.08,0.82
2760.9,0.86
2761.76,0.74
2762.5,0.75
2763.25,0.76
2764.01,0.81
2764.82,0.85
2765.67,0.82
2766.49,0.86
2767.35,0.93
2768.28,1
2769.28,1
2770.28,0.97
2771.25,0.93
2772.18,0.89
2773.07,0.87
2773.94,0.91
2774.85,0.97
2775.82,0.95
2776.77,0.92
2777.69,0.89
2778.58,0.86
2779.44,0.82
2780.26,0.79
2781.05,0.81
2781.86,0.83
2782.69,0.91
2783.6,1.04
2784.64,0.89
2785.53,0.85
2786.38,0.86
2787.24,0.88
2788.12,0.9
2789.02,0.91
2789.93,0.94
2790.87,0.9
2791.77,0.82
2792.59,0.82
2793.41,0.84
2794.25,0.86
2795.11,0.83
2795.94,0.86
2796.8,0.9
2797.7,1.35
2799.05,1.21
2800.26,0.83
2801.09,0.86
2801.95,0.85
2802.8,0.81
2803.61,0.79
2804.4,0.81
2805.21,0.8
2806.01,0.76
2806.77,0.74
2807.51,0.7
2808.21,0.74
2808.95,0.8
2809.75,1.12
2810.87,1.02
2811.89,0.92
2812.81,0.91
2813.72,0.87
2814.59,0.96
2815.55,0.75
2816.3,0.82
2817.12,0.75
2817.87,0.77
2818.64,0.73
2819.37,0.74
2820.11,0.75
2820.86,0.74
2821.6,0.75
2822.35,0.8
2823.15,0.77
2823.92,0.66
2824.58,0.75
2825.33,0.72
2826.05,1.25
2827.3,0.58
2827.88,1.1
2828.98,0.75
2829.73,0.73
2830.46,0.75
2831.21,0.88
2832.09,0.66
2832.75,0.7
2833.45,0.73
2834.18,0.66
2834.84,0.69
2835.53,0.69
2836.22,0.68
2836.9,0.69
2837.59,0.7
2838.29,0.75
2839.04,0.83
2839.87,0.87
2840.74,0.87
2841.61,0.87
2842.48,0.86
2843.34,0.82
2844.16,0.81
2844.97,0.78
2845.75,0.78
2846.53,0.83
2847.36,0.88
2848.24,0.87
2849.11,0.92
2850.03,0.91
2850.94,0.88
2851.82,0.82
2852.64,0.79
2853.43,0.8
2854.23,0.77
2855,0.81
2855.81,1.92
2857.73,0.94
2858.67,1.02
2859.69,1.27
2860.96,0.82
2861.78,0.73
2862.51,0.78
2863.29,0.79
2864.08,0.75
2864.83,0.71
2865.54,0.78
2866.32,0.69
2867.01,0.56
2867.57,1.59
2869.16,0.58
2869.74,1.49
2871.23,0.82
2872.05,1.04
2873.09,1.44
2874.53,0.64
2875.17,0.68
