1519960000000;82;840;0
1519962395282;83;720;0,84
1519962395985;82;760;1,56
1519962396691;82;700;2,32
1519962397488;82;730;3,02
1519962398290;81;770;3,75
1519962399192;81;810;4,52
1519962399999;81;890;5,33
1519962400894;80;850;6,22
1519962401695;80;830;7,07
1519962402603;79;840;7,9
1519962403779;79;850;8,74
1519962404312;78;860;9,59
1519962405108;77;840;10,45
1519962405908;76;800;11,29
1519962406606;75;800;12,09
1519962407407;75;780;12,89
1519962408309;75;800;13,67
1519962409117;75;820;14,47
1519962409915;75;840;15,29
1519962410813;74;850;16,13
1519962411618;74;840;16,98
1519962412521;74;830;17,82
1519962413323;73;830;18,65
1519962414124;73;840;19,48
1519962415025;72;830;20,32
1519962415829;72;850;21,15
1519962416730;71;850;22
1519962417532;71;830;22,85
1519962418519;71;830;23,68
1519962419133;71;840;24,51
1519962420036;71;820;25,35
1519962420837;71;820;26,17
1519962421637;71;810;26,99
1519962422341;72;810;27,8
1519962423141;72;770;28,61
1519962423940;72;780;29,38
1519962424849;73;810;30,16
1519962425646;73;820;30,97
1519962426455;73;830;31,79
1519962427351;73;800;32,62
1519962428155;73;860;33,42
1519962428855;73;820;34,28
1519962429553;73;750;35,1
1519962430259;74;720;35,85
1519962431060;74;710;36,57
1519962431767;75;700;37,28
1519962432561;75;730;37,98
1519962433248;76;780;38,71
1519962434166;76;600;39,49
1519962434870;76;950;40,09
1519962435673;76;820;41,04
1519962436475;76;810;41,86
1519962437278;76;790;42,67
1519962438078;76;780;43,46
1519962438781;76;770;44,24
1519962439477;76;720;45,01
1519962440279;76;740;45,73
1519962441090;77;750;46,47
1519962441888;77;800;47,22
1519962442787;77;830;48,02
1519962443591;76;850;48,85
1519962444494;76;850;49,7
1519962445290;76;840;50,55
1519962446098;75;820;51,39
1519962446904;75;800;52,21
1519962447603;75;780;53,01
1519962448403;75;760;53,79
1519962449199;75;790;54,55
1519962450003;75;790;55,34
1519962451710;76;1190;56,13
1519962452512;75;1340;57,32
1519962453314;75;780;58,66
1519962454016;75;740;59,44
1519962454712;75;720;60,18
1519962455416;76;720;60,9
1519962456123;77;710;61,62
1519962456918;77;730;62,33
1519962457723;78;740;63,06
1519962458421;78;790;63,8
1519962459224;78;780;64,59
1519962460026;78;780;65,37
1519962460832;78;780;66,15
1519962461530;78;750;66,93
1519962462835;78;780;67,68
1519962463536;77;1270;68,46
1519962464137;77;700;69,73
1519962465038;77;580;70,43
1519962465940;77;930;71,01
1519962467748;77;1720;71,94
1519962468444;77;880;73,66
1519962469248;77;820;74,54
1519962470052;77;810;75,36
1519962470858;76;780;76,17
1519962471659;76;800;76,95
1519962472458;76;780;77,75
1519962473155;76;770;78,53
1519962473961;76;780;79,3
1519962474759;76;750;80,08
1519962475566;76;780;80,83
1519962476373;76;830;81,61
1519962477165;76;810;82,44
1519962477972;76;790;83,25
1519962478769;75;800;84,04
1519962479572;75;820;84,84
1519962480475;75;790;85,66
1519962481285;75;830;86,45
1519962482078;75;790;87,28
1519962482883;75;830;88,07
1519962483680;74;750;88,9
1519962484385;74;870;89,65
1519962485186;75;770;90,52
1519962485989;75;760;91,29
1519962486791;75;780;92,05
1519962487491;75;810;92,83
1519962488294;76;740;93,64
1519962488994;76;740;94,38
1519962489797;76;750;95,12
1519962490497;77;740;95,87
1519962491205;77;720;96,61
1519962491930;78;720;97,33
1519962492703;78;720;98,05
1519962493412;79;740;98,77
1519962494106;79;700;99,51
1519962494908;79;730;100,21
1519962495714;79;800;100,94
1519962496613;79;810;101,74
1519962497316;78;840;102,55
1519962498016;78;740;103,39
1519962499121;77;660;104,13
1519962499827;77;1060;104,79
1519962500524;77;740;105,85
1519962501226;77;760;106,59
1519962502126;78;650;107,35
1519962503027;77;880;108
1519962504034;76;940;108,88
1519962505034;76;970;109,82
1519962506338;76;1020;110,79
1519962507739;76;1340;111,81
1519962508545;76;1380;113,15
1519962509445;75;830;114,53
1519962510247;73;830;115,36
1519962511149;73;840;116,19
1519962511951;72;880;117,03
1519962512852;72;830;117,91
1519962513758;72;640;118,74
1519962514756;71;1190;119,38
1519962515562;71;770;120,57
1519962516361;70;930;121,34
1519962517268;70;890;122,27
1519962518166;70;880;123,16
1519962519174;69;930;124,04
1519962519975;69;910;124,97
1519962520775;69;840;125,88
1519962522013;69;810;126,72
1519962522479;69;840;127,53
1519962523379;69;840;128,37
1519962524281;69;900;129,21
1519962525185;69;920;130,11
1519962526185;69;910;131,03
1519962527089;68;950;131,94
1519962527995;68;900;132,89
1519962528795;68;900;133,79
1519962529695;68;870;134,69
1519962530496;68;860;135,56
1519962531298;68;830;136,42
1519962532203;68;820;137,25
1519962533003;68;810;138,07
1519962533904;69;860;138,88
1519962534815;69;890;139,74
1519962535713;69;890;140,63
1519962536688;69;890;141,52
1519962537516;68;930;142,41
1519962538115;68;910;143,34
1519962539220;68;860;144,25
1519962539925;69;750;145,11
1519962540721;69;820;145,86
1519962541524;69;770;146,68
1519962542230;70;750;147,45
1519962543126;70;770;148,2
1519962544031;71;820;148,97
1519962544936;71;900;149,79
1519962545932;70;960;150,69
1519962546837;70;940;151,65
1519962547843;69;960;152,59
1519962548638;69;930;153,55
1519962549541;68;860;154,48
1519962550345;68;850;155,34
1519962551555;68;820;156,19
1519962551950;69;780;157,01
1519962552754;70;810;157,79
1519962553698;70;830;158,6
1519962554557;70;860;159,43
1519962555460;70;890;160,29
1519962556363;70;970;161,18
1519962557264;69;910;162,15
1519962558162;69;890;163,06
1519962559063;69;900;163,95
1519962559872;68;870;164,85
1519962560771;68;850;165,72
1519962561572;68;850;166,57
1519962562474;68;850;167,42
1519962563276;69;830;168,27
1519962564076;69;800;169,1
1519962564879;70;810;169,9
1519962565831;70;850;170,71
1519962566683;70;830;171,56
1519962567790;70;970;172,39
1519962568687;69;1020;173,36
1519962569696;69;980;174,38
1519962570689;68;970;175,36
1519962571598;68;1010;176,33
1519962572498;68;900;177,34
1519962573397;67;930;178,24
1519962574201;67;860;179,17
1519962575106;67;840;180,03
1519962575902;67;830;180,87
1519962576807;68;850;181,7
1519962577609;68;850;182,55
1519962578511;68;860;183,4
1519962579412;69;870;184,26
1519962580313;68;880;185,13
1519962581160;68;860;186,01
1519962581920;69;820;186,87
1519962582719;69;840;187,69
1519962583423;70;780;188,53
1519962584229;70;730;189,31
1519962585026;71;750;190,04
1519962585834;71;800;190,79
1519962586726;71;860;191,59
1519962587531;71;870;192,45
1519962588431;71;850;193,32
1519962589241;71;850;194,17
1519962590046;71;810;195,02
1519962590838;72;790;195,83
1519962591641;72;780;196,62
1519962592345;72;800;197,4
1519962593146;73;720;198,2
1519962593953;73;770;198,92
1519962594746;73;790;199,69
1519962595972;74;810;200,48
1519962596365;74;840;201,29
1519962597159;74;820;202,13
1519962597959;74;830;202,95
1519962598759;74;790;203,78
1519962599560;74;800;204,57
1519962600362;74;770;205,37
1519962601164;74;800;206,14
1519962602068;74;830;206,94
1519962602868;74;840;207,77
1519962603771;74;840;208,61
1519962604574;73;850;209,45
1519962605475;73;840;210,3
1519962606277;73;850;211,14
1519962607078;73;810;211,99
1519962607792;73;790;212,8
1519962608480;73;750;213,59
1519962609282;74;730;214,34
1519962610209;74;770;215,07
1519962611219;74;880;215,84
1519962612190;73;970;216,72
1519962613195;73;980;217,69
1519962614092;73;1020;218,67
1519962615094;72;960;219,69
1519962615997;71;940;220,65
1519962616611;71;910;221,59
1519962618400;71;1590;222,5
1519962619209;71;850;224,09
1519962619906;72;800;224,94
1519962620610;73;670;225,74
1519962621306;74;700;226,41
1519962622118;74;750;227,11
1519962622920;75;750;227,86
1519962623813;75;870;228,61
1519962624719;75;830;229,48
1519962625516;74;880;230,31
1519962626419;73;870;231,19
1519962627221;73;860;232,06
1519962628023;72;830;232,92
1519962628725;73;820;233,75
1519962629526;73;770;234,57
1519962630238;74;720;235,34
1519962630932;74;690;236,06
1519962631738;75;720;236,75
1519962632734;75;780;237,47
1519962633642;75;930;238,25
1519962634640;74;950;239,18
1519962635541;74;970;240,13
1519962636543;73;970;241,1
1519962637466;73;960;242,07
1519962638246;72;900;243,03
1519962639149;71;850;243,93
1519962640194;71;850;244,78
1519962640653;71;750;245,63
1519962641355;72;720;246,38
1519962642860;73;690;247,1
1519962643564;73;1560;247,79
1519962644760;73;1010;249,35
1519962645674;73;830;250,36
1519962646671;72;920;251,19
1519962647671;72;970;252,11
1519962648672;71;1060;253,08
1519962649580;71;920;254,14
1519962650386;70;930;255,06
1519962651286;70;850;255,99
1519962652082;70;860;256,84
1519962652981;70;820;257,7
1519962653887;70;930;258,52
1519962654938;70;870;259,45
1519962656189;70;940;260,32
1519962657403;70;1300;261,26
1519962658292;70;1320;262,56
1519962659092;70;870;263,88
1519962659899;70;730;264,75
1519962660801;71;850;265,48
1519962661601;71;930;266,33
1519962663207;72;1180;267,26
1519962664015;72;1170;268,44
1519962664811;72;820;269,61
1519962665690;72;800;270,43
1519962666730;73;790;271,23
1519962667009;73;810;272,02
1519962668018;74;650;272,83
1519962669222;74;790;273,48
1519962670020;75;1380;274,27
1519962670521;75;740;275,65
1519962671622;75;870;276,39
1519962672526;75;810;277,26
1519962673819;74;890;278,07
1519962674428;73;940;278,96
1519962675330;73;920;279,9
1519962676133;72;890;280,82
1519962676933;72;850;281,71
1519962677837;72;810;282,56
1519962678641;71;810;283,37
1519962679443;72;820;284,18
1519962680244;72;810;285
1519962681143;72;830;285,81
1519962682047;72;870;286,64
1519962682851;72;880;287,51
1519962683753;71;880;288,39
1519962684652;71;890;289,27
1519962685453;71;850;290,16
1519962686256;71;810;291,01
1519962687056;71;790;291,82
1519962687861;71;790;292,61
1519962688699;71;810;293,4
1519962689511;72;810;294,21
1519962690301;72;800;295,02
1519962691200;72;840;295,82
1519962692006;72;820;296,66
1519962692903;72;860;297,48
1519962693708;72;850;298,34
1519962694513;72;850;299,19
1519962695317;72;790;300,04
1519962696127;72;800;300,83
1519962696816;72;760;301,63
1519962697520;73;720;302,39
1519962698324;73;740;303,11
1519962699103;74;740;303,85
1519962699930;74;800;304,59
1519962700834;74;850;305,39
1519962701643;74;850;306,24
1519962702529;74;870;307,09
1519962703455;73;820;307,96
1519962704136;73;820;308,78
1519962704936;73;810;309,6
1519962705730;73;810;310,41
1519962706539;73;800;311,22
1519962707343;73;810;312,02
1519962708258;73;830;312,83
1519962709050;73;820;313,66
1519962709957;73;840;314,48
1519962710644;73;910;315,32
1519962711939;72;1270;316,23
1519962712750;73;700;317,5
1519962713556;73;800;318,2
1519962714450;73;840;319
1519962715148;73;930;319,84
1519962715976;73;710;320,77
1519962716766;74;810;321,48
1519962717621;74;740;322,29
1519962718354;74;760;323,03
1519962719262;75;820;323,79
1519962720063;75;880;324,61
1519962720974;74;860;325,49
1519962721773;74;860;326,35
1519962722680;73;860;327,21
1519962723486;73;860;328,07
1519962724276;72;840;328,93
1519962725079;72;780;329,77
1519962725888;73;770;330,55
1519962726583;73;800;331,32
1519962728391;73;1530;332,12
1519962729292;73;970;333,65
1519962730189;73;870;334,62
1519962731011;72;890;335,49
1519962731794;72;850;336,38
1519962732914;72;830;337,23
1519962733499;71;840;338,06
1519962734298;71;820;338,9
1519962735097;71;810;339,72
1519962736010;71;840;340,53
1519962736901;71;860;341,37
1519962737710;71;860;342,23
1519962738624;71;840;343,09
1519962739509;71;870;343,93
1519962740421;71;920;344,8
1519962741312;70;880;345,72
1519962742116;70;890;346,6
1519962743019;70;870;347,49
1519962743824;70;820;348,36
1519962744523;70;810;349,18
1519962745433;70;780;349,99
1519962746135;71;820;350,77
1519962746824;71;720;351,59
1519962747759;72;740;352,31
1519962748531;72;830;353,05
1519962749427;72;880;353,88
1519962750247;72;830;354,76
1519962751135;72;850;355,59
1519962752031;71;930;356,44
1519962752843;71;840;357,37
1519962753646;71;840;358,21
1519962754543;71;820;359,05
1519962755264;71;810;359,87
1519962756049;71;770;360,68
1519962756842;72;770;361,45
1519962757658;72;770;362,22
1519962758466;73;800;362,99
1519962759257;73;790;363,79
1519962760061;73;840;364,58
1519962760961;73;840;365,42
1519962761861;73;850;366,26
1519962762655;73;860;367,11
1519962763465;72;850;367,97
1519962764271;72;830;368,82
1519962764969;72;780;369,65
1519962765774;73;740;370,43
1519962766675;73;800;371,17
1519962767475;73;840;371,97
1519962768386;73;850;372,81
1519962769280;73;860;373,66
1519962770086;73;860;374,52
1519962770882;72;850;375,38
1519962771690;72;810;376,23
1519962772488;72;810;377,04
1519962773403;72;820;377,85
1519962774291;72;820;378,67
1519962775191;72;880;379,49
1519962776099;72;930;380,37
1519962777274;71;910;381,3
1519962777896;71;920;382,21
1519962778709;70;890;383,13
1519962779599;70;860;384,02
1519962780409;70;840;384,88
1519962781197;70;820;385,72
1519962782003;70;820;386,54
1519962782802;71;780;387,36
1519962783714;71;810;388,14
1519962784515;71;840;388,95
1519962785314;71;850;389,79
1519962786133;71;810;390,64
1519962786812;72;790;391,45
1519962787617;72;690;392,24
1519962788319;73;780;392,93
1519962789139;73;730;393,71
1519962789928;74;750;394,44
1519962790825;74;830;395,19
1519962791958;74;880;396,02
1519962792524;74;860;396,9
1519962793433;73;870;397,76
1519962794231;73;870;398,63
1519962795138;72;820;399,5
1519962795944;72;860;400,32
1519962796842;72;850;401,18
1519962797637;71;870;402,03
1519962798454;71;830;402,9
1519962799349;71;830;403,73
1519962800256;71;850;404,56
1519962801043;71;870;405,41
1519962801958;71;860;406,28
1519962802751;70;850;407,14
1519962803665;70;870;407,99
1519962804461;70;850;408,86
1519962805356;70;850;409,71
1519962806308;70;850;410,56
1519962807054;70;870;411,41
1519962807967;70;730;412,28
1519962808661;70;980;413,01
1519962809565;70;800;413,99
1519962810778;70;840;414,79
1519962811269;70;820;415,63
1519962811982;70;860;416,45
1519962812775;71;760;417,31
1519962813982;71;770;418,07
1519962814986;70;1210;418,84
1519962815879;71;740;420,05
1519962816784;70;1170;420,79
1519962817694;70;900;421,96
1519962818485;69;860;422,86
1519962819289;70;770;423,72
1519962820098;70;840;424,49
1519962820997;71;840;425,33
1519962821908;71;890;426,17
1519962822703;71;850;427,06
1519962823605;71;860;427,91
1519962824499;70;860;428,77
1519962825504;70;890;429,63
1519962826312;70;940;430,52
1519962827328;69;910;431,46
1519962828313;69;940;432,37
1519962829219;68;980;433,31
1519962830215;68;970;434,29
1519962831117;67;950;435,26
1519962832027;67;910;436,21
1519962832918;67;910;437,12
1519962833843;65;880;438,03
1519962834733;65;870;438,91
1519962835525;65;910;439,78
1519962836425;65;860;440,69
1519962837329;66;920;441,55
1519962838241;66;890;442,47
1519962839134;66;860;443,36
1519962840306;66;910;444,22
1519962841046;66;950;445,13
1519962841945;66;920;446,08
1519962842848;66;940;447
1519962843847;66;930;447,94
1519962844743;66;910;448,87
1519962845643;66;890;449,78
1519962846561;66;920;450,67
1519962847450;66;930;451,59
1519962848252;65;900;452,52
1519962849261;66;760;453,42
1519962850140;65;1040;454,18
1519962851078;65;800;455,22
1519962851959;65;1000;456,02
1519962852866;65;890;457,02
1519962853774;65;930;457,91
1519962855074;66;920;458,84
1519962855763;65;1010;459,76
1519962856785;65;990;460,77
1519962857673;65;930;461,76
1519962858694;64;940;462,69
1519962859689;64;960;463,63
1519962860586;64;1000;464,59
1519962861490;64;930;465,59
1519962862505;64;940;466,52
1519962863380;63;930;467,46
1519962864388;63;940;468,39
1519962865294;63;950;469,33
1519962866192;63;950;470,28
1519962867250;63;930;471,23
1519962868256;63;980;472,16
1519962869107;63;940;473,14
1519962869965;63;920;474,08
1519962870800;63;880;475
1519962871728;64;880;475,88
1519962872704;64;900;476,76
1519962873710;64;940;477,66
1519962874621;64;990;478,6
1519962875618;64;940;479,59
1519962876520;64;980;480,53
1519962877412;63;950;481,51
1519962878345;64;910;482,46
1519962879121;64;830;483,37
1519962880126;65;840;484,2
1519962881034;65;980;485,04
1519962881928;65;890;486,02
1519962882838;65;920;486,91
1519962883747;65;930;487,83
1519962884745;65;890;488,76
1519962885533;65;890;489,65
1519962886442;66;900;490,54
1519962887338;66;870;491,44
1519962888239;66;900;492,31
1519962889241;66;940;493,21
1519962890147;66;930;494,15
1519962891041;65;980;495,08
1519962891945;65;890;496,06
1519962892756;65;870;496,95
1519962893652;66;820;497,82
1519962894456;66;860;498,64
1519962895356;67;870;499,5
1519962896263;67;860;500,37
1519962897063;67;920;501,23
1519962897975;67;810;502,15
1519962898676;68;830;502,96
1519962899481;68;770;503,79
1519962900276;69;760;504,56
1519962900976;69;800;505,32
1519962901877;70;740;506,12
1519962902572;70;860;506,86
1519962903381;71;760;507,72
1519962904176;72;770;508,48
1519962904877;72;750;509,25
1519962905676;73;760;510
1519962906386;74;740;510,76
1519962907194;75;740;511,5
1519962907891;75;760;512,24
1519962908584;76;740;513
1519962909290;76;720;513,74
1519962909989;77;690;514,46
1519962910709;78;680;515,15
1519962911389;78;690;515,83
1519962912197;78;1010;516,52
1519962914169;78;1290;517,53
1519962914276;78;660;518,82
1519962915505;78;1050;519,48
1519962916798;77;830;520,53
1519962917502;77;890;521,36
1519962917917;77;890;522,25
1519962919318;78;1170;523,14
1519962919916;79;820;524,31
1519962920639;80;610;525,13
1519962921430;81;700;525,74
1519962922128;81;760;526,44
1519962922926;81;760;527,2
1519962923714;81;740;527,96
1519962924615;81;790;528,7
1519962925330;80;810;529,49
1519962926234;80;870;530,3
1519962927126;79;880;531,17
1519962928034;78;860;532,05
1519962928835;78;900;532,91
1519962929732;77;860;533,81
1519962930535;77;840;534,67
1519962931355;76;820;535,51
1519962932143;75;820;536,33
1519962932933;74;820;537,15
1519962933754;72;800;537,97
1519962934672;72;800;538,77
1519962935457;72;830;539,57
1519962936347;72;840;540,4
1519962937957;72;1390;541,24
1519962938887;72;1140;542,63
1519962939655;71;820;543,77
1519962940462;72;800;544,59
1519962941263;72;820;545,39
1519962942086;72;830;546,21
1519962942963;72;830;547,04
1519962943772;72;840;547,87
1519962944676;72;840;548,71
1519962945497;72;840;549,55
1519962946266;72;800;550,39
1519962947090;72;790;551,19
1519962947876;72;810;551,98
1519962948783;72;850;552,79
1519962949578;72;840;553,64
1519962950378;72;860;554,48
1519962951185;72;800;555,34
1519962951988;72;810;556,14
1519962952879;72;800;556,95
1519962953642;72;850;557,75
1519962954384;73;740;558,6
1519962955095;73;750;559,34
1519962955890;74;780;560,09
1519962956706;74;740;560,87
1519962957507;74;790;561,61
1519962958304;74;830;562,4
1519962959110;74;770;563,23
1519962960007;74;870;564
1519962960806;74;820;564,87
1519962961622;74;810;565,69
1519962962315;74;830;566,5
1519962963106;74;730;567,33
1519962963717;74;770;568,06
1519962965333;74;1020;568,83
1519962966024;74;1170;569,85
1519962966814;74;760;571,02
1519962967632;74;780;571,78
1519962968453;75;750;572,56
1519962969220;75;790;573,31
1519962970025;75;790;574,1
1519962971025;75;870;574,89
1519962971834;74;920;575,76
1519962972645;74;870;576,68
1519962973429;73;810;577,55
1519962974341;73;810;578,36
1519962975134;73;820;579,17
1519962975951;73;810;579,99
1519962976735;73;830;580,8
1519962977545;73;790;581,63
1519962978347;73;800;582,42
1519962979055;73;770;583,22
1519962979851;74;770;583,99
1519962980653;74;770;584,76
1519962981547;74;820;585,53
1519962982456;74;880;586,35
1519962983717;74;920;587,23
1519962984254;73;910;588,15
1519962985056;73;850;589,06
1519962985858;72;850;589,91
1519962986772;72;810;590,76
1519962987583;72;830;591,57
1519962988465;72;830;592,4
1519962989267;72;850;593,23
1519962990164;71;880;594,08
1519962990986;71;860;594,96
1519962991773;71;810;595,82
1519962992587;71;800;596,63
1519962993476;71;830;597,43
1519962994281;71;830;598,26
1519962995098;71;850;599,09
1519962996007;71;830;599,94
1519962996785;71;840;600,77
1519962997583;71;810;601,61
1519962998561;72;790;602,42
1519962999199;72;790;603,21
1519963000104;72;820;604
1519963000890;72;860;604,82
1519963001798;72;890;605,68
1519963002691;72;890;606,57
1519963003601;71;900;607,46
1519963004414;71;890;608,36
1519963005198;71;770;609,25
1519963005909;71;770;610,02
1519963006604;72;750;610,79
1519963007307;72;640;611,54
1519963008235;72;800;612,18
1519963009217;72;880;612,98
1519963010134;72;950;613,86
1519963011120;71;960;614,81
1519963012118;70;970;615,77
1519963013304;70;950;616,74
1519963013845;69;920;617,69
1519963014726;69;870;618,61
1519963015520;68;840;619,48
1519963016429;69;850;620,32
1519963017252;69;830;621,17
1519963018139;69;830;622
1519963019040;69;880;622,83
1519963019936;69;900;623,71
1519963020737;69;870;624,61
1519963021534;69;860;625,48
1519963022439;69;830;626,34
1519963023350;69;910;627,17
1519963024156;69;850;628,08
1519963025076;69;830;628,93
1519963025850;69;840;629,76
1519963026748;70;840;630,6
1519963027585;70;860;631,44
1519963028461;70;840;632,3
1519963029260;70;860;633,14
1519963030054;70;820;634
1519963030968;70;830;634,82
1519963031795;70;840;635,65
1519963032661;70;840;636,49
1519963033470;70;850;637,33
1519963034365;71;860;638,18
1519963035166;70;860;639,04
1519963035980;71;820;639,9
1519963036782;71;780;640,72
1519963037478;71;790;641,5
1519963038396;72;780;642,29
1519963039188;72;820;643,07
1519963040083;72;850;643,89
1519963040891;72;840;644,74
1519963041708;72;830;645,58
1519963042418;72;800;646,41
1519963043190;73;760;647,21
1519963043901;73;740;647,97
1519963044703;73;770;648,71
1519963045592;74;800;649,48
1519963046398;74;860;650,28
1519963047317;74;810;651,14
1519963048100;73;880;651,95
1519963048805;73;760;652,83
1519963049518;74;760;653,59
1519963050314;74;730;654,35
1519963051007;75;740;655,08
1519963051811;75;750;655,82
1519963052621;75;790;656,57
1519963053416;76;790;657,36
1519963054338;76;830;658,15
1519963055116;75;820;658,98
1519963055823;75;810;659,8
1519963056633;75;770;660,61
1519963057587;76;740;661,38
1519963058026;76;710;662,12
1519963058946;77;740;662,83
1519963059728;77;780;663,57
1519963060529;77;850;664,35
1519963061436;76;850;665,2
1519963062337;76;880;666,05
1519963063231;75;900;666,93
1519963064043;74;870;667,83
1519963064861;74;810;668,7
1519963065650;74;790;669,51
1519963066354;74;780;670,3
1519963067151;74;790;671,08
1519963067969;74;780;671,87
1519963068851;74;810;672,65
1519963069655;74;830;673,46
1519963070566;74;870;674,29
1519963071363;74;830;675,16
1519963072446;74;800;675,99
1519963072851;74;810;676,79
1519963073758;74;780;677,6
1519963074563;74;820;678,38
1519963075275;74;800;679,2
1519963075968;74;710;680
1519963076793;74;750;680,71
1519963077475;75;760;681,46
1519963078278;75;740;682,22
1519963079078;76;770;682,96
1519963079889;76;780;683,73
1519963080675;76;800;684,51
1519963081497;76;790;685,31
1519963082183;76;790;686,1
1519963082996;76;790;686,89
1519963083800;76;800;687,68
1519963084591;76;780;688,48
1519963085391;76;800;689,26
1519963086305;76;800;690,06
1519963087223;76;830;690,86
1519963087891;75;800;691,69
1519963088710;75;820;692,49
1519963089600;75;840;693,31
1519963090397;75;830;694,15
1519963091210;74;830;694,98
1519963092113;74;840;695,81
1519963092931;73;870;696,65
1519963093809;73;840;697,52
1519963094712;73;870;698,36
1519963095515;72;880;699,23
1519963096319;72;840;700,11
1519963097119;72;790;700,95
1519963097814;72;780;701,74
1519963098614;73;750;702,52
1519963099437;73;780;703,27
1519963100226;73;770;704,05
1519963101121;74;810;704,82
1519963102024;74;850;705,63
1519963102833;73;860;706,48
1519963103627;73;840;707,34
1519963104444;73;840;708,18
1519963105239;73;850;709,02
1519963106031;72;810;709,87
1519963106856;72;780;710,68
1519963107639;73;770;711,46
1519963108339;73;780;712,23
1519963109141;74;760;713,01
1519963110044;74;810;713,77
1519963110945;74;820;714,58
1519963111853;74;930;715,4
1519963112865;73;920;716,33
1519963113758;72;930;717,25
1519963114557;72;920;718,18
1519963115456;72;880;719,1
1519963116288;71;850;719,98
1519963117058;71;830;720,83
1519963117858;71;800;721,66
1519963118769;72;800;722,46
1519963119577;72;840;723,26
1519963120359;72;850;724,1
1519963121273;71;820;724,95
1519963122165;72;850;725,77
1519963122981;71;860;726,62
1519963123781;71;850;727,48
1519963124685;71;830;728,33
1519963125380;71;820;729,16
1519963126193;71;800;729,98
1519963126983;72;770;730,78
1519963127784;72;780;731,55
1519963128688;73;810;732,33
1519963129596;73;840;733,14
1519963130597;72;900;733,98
1519963131588;72;990;734,88
1519963132293;71;940;735,87
1519963133201;71;860;736,81
1519963134000;71;840;737,67
1519963134909;70;790;738,51
1519963135700;70;960;739,3
1519963136800;70;1170;740,26
1519963137614;70;720;741,43
1519963138416;71;730;742,15
1519963139105;72;790;742,88
1519963139914;73;750;743,67
1519963140620;74;750;744,42
1519963141323;74;750;745,17
1519963142119;75;730;745,92
1519963142825;76;730;746,65
1519963143620;76;760;747,38
1519963144626;77;800;748,14
1519963145549;76;970;748,94
1519963146439;75;920;749,91
1519963147342;75;920;750,83
1519963148148;74;860;751,75
1519963148944;74;820;752,61
1519963149734;73;830;753,43
1519963150643;73;800;754,26
1519963151452;73;850;755,06
1519963152252;73;810;755,91
1519963153045;73;770;756,72
1519963153744;73;810;757,49
1519963154648;73;760;758,3
1519963155448;73;850;759,06
1519963156242;73;790;759,91
1519963156955;74;820;760,7
1519963158661;74;1600;761,52
1519963159460;74;790;763,12
1519963160264;74;800;763,91
1519963161091;74;810;764,71
1519963161868;74;840;765,52
1519963162766;74;810;766,36
1519963163571;74;830;767,17
1519963164479;73;850;768
1519963165341;73;840;768,85
1519963166178;73;840;769,69
1519963166975;72;860;770,53
1519963167779;72;830;771,39
1519963168584;72;830;772,22
1519963169391;72;820;773,05
1519963170194;72;810;773,87
1519963170991;73;790;774,68
1519963171789;73;780;775,47
1519963172587;73;810;776,25
1519963173389;73;800;777,06
1519963174192;73;770;777,86
1519963174991;73;830;778,63
1519963175940;73;820;779,46
1519963176702;73;830;780,28
1519963177510;73;830;781,11
1519963178300;73;830;781,94
1519963179106;73;780;782,77
1519963179824;74;770;783,55
1519963180610;74;750;784,32
1519963181310;74;730;785,07
1519963182111;75;770;785,8
1519963182904;75;780;786,57
1519963183729;75;820;787,35
1519963184623;75;800;788,17
1519963185516;75;870;788,97
1519963186413;74;890;789,84
1519963187335;74;880;790,73
1519963188119;74;880;791,61
1519963188924;73;840;792,49
1519963189727;73;810;793,33
1519963190691;73;790;794,14
1519963191338;73;780;794,93
1519963192138;73;800;795,71
1519963192938;73;800;796,51
1519963193735;73;820;797,31
1519963194628;73;840;798,13
1519963195459;73;850;798,97
1519963196340;73;850;799,82
1519963197140;73;850;800,67
1519963197945;72;830;801,52
1519963198751;72;820;802,35
1519963199553;72;790;803,17
1519963200352;72;800;803,96
1519963201163;73;780;804,76
1519963201961;73;810;805,54
1519963202762;73;770;806,35
1519963203459;74;780;807,12
1519963204262;74;760;807,9
1519963205396;74;780;808,66
1519963205873;75;790;809,44
1519963206666;75;780;810,23
1519963207372;75;780;811,01
1519963208189;75;780;811,79
1519963208885;76;760;812,57
1519963209702;76;750;813,33
1519963210371;76;720;814,08
1519963210985;77;690;814,8
1519963211690;77;640;815,49
1519963212381;78;700;816,13
1519963213183;78;720;816,83
1519963213984;79;760;817,55
1519963214996;78;830;818,31
1519963216089;78;1030;819,14
1519963217092;77;1040;820,17
1519963218097;77;1010;821,21
1519963219113;76;1000;822,22
1519963220203;75;970;823,22
1519963220895;74;920;824,19
1519963221802;72;890;825,11
1519963222594;68;890;826
1519963223511;67;880;826,89
1519963224401;67;860;827,77
1519963225222;67;860;828,63
1519963226112;67;860;829,49
1519963226908;67;860;830,35
1519963227719;68;810;831,21
1519963228609;68;820;832,02
1519963229516;69;860;832,84
1519963230428;69;900;833,7
1519963231227;69;880;834,6
1519963232121;69;880;835,48
1519963232926;69;860;836,36
1519963233725;69;820;837,22
1519963234521;69;800;838,04
1519963235334;70;800;838,84
1519963236128;70;790;839,64
1519963236925;71;780;840,43
1519963237733;71;850;841,21
1519963238535;71;800;842,06
1519963239242;72;790;842,86
1519963240242;72;690;843,65
1519963241542;72;920;844,34
1519963242339;73;1360;845,26
1519963243153;73;780;846,62
1519963243848;73;790;847,4
1519963244653;74;750;848,19
1519963245462;74;810;848,94
1519963246259;74;810;849,75
1519963247160;75;820;850,56
1519963248053;74;850;851,38
1519963248871;74;860;852,23
1519963249783;74;830;853,09
1519963250461;73;790;853,92
1519963251259;73;800;854,71
1519963252073;73;820;855,51
1519963252875;73;820;856,33
1519963253788;73;810;857,15
1519963254592;73;820;857,96
1519963255485;73;860;858,78
1519963256289;73;840;859,64
1519963257187;73;850;860,48
1519963257983;72;850;861,33
1519963258776;72;840;862,18
1519963259682;72;830;863,02
1519963260487;72;840;863,85
1519963261290;72;820;864,69
1519963262004;72;820;865,51
1519963262891;72;720;866,33
1519963263809;72;920;867,05
1519963264704;72;820;867,97
1519963265595;72;890;868,79
1519963266512;71;920;869,68
1519963267402;71;920;870,6
1519963268202;70;860;871,52
1519963269011;70;850;872,38
1519963269831;70;790;873,23
1519963270613;71;790;874,02
1519963271507;71;800;874,81
1519963272420;71;870;875,61
1519963273315;71;890;876,48
1519963274227;71;970;877,37
1519963275130;70;900;878,34
1519963276519;71;1300;879,24
1519963278336;71;1550;880,54
1519963279028;71;1230;882,09
1519963280456;73;1150;883,32
1519963281230;74;980;884,47
1519963282095;75;750;885,45
1519963282655;76;730;886,2
1519963283547;77;720;886,93
1519963284441;77;910;887,65
1519963285343;76;920;888,56
1519963286351;75;880;889,48
1519963287249;74;920;890,36
1519963288154;73;900;891,28
1519963288956;73;920;892,18
1519963289749;71;820;893,1
1519963290654;69;830;893,92
1519963291477;69;830;894,75
1519963292260;69;850;895,58
1519963293157;69;830;896,43
1519963293964;70;840;897,26
1519963294873;70;860;898,1
1519963295766;70;870;898,96
1519963296926;70;840;899,83
1519963297385;70;850;900,67
1519963298181;70;800;901,52
1519963298969;70;820;902,32
1519963299884;71;810;903,14
1519963300773;71;890;903,95
1519963301670;71;900;904,84
1519963302578;70;900;905,74
1519963303493;70;870;906,64
1519963304481;69;880;907,51
1519963305085;69;980;908,39
1519963306180;69;720;909,37
1519963306985;69;1160;910,09
1519963308193;69;910;911,25
1519963309187;68;920;912,16
1519963309901;68;1040;913,08
1519963310701;68;710;914,12
1519963311493;69;770;914,83
1519963312406;69;800;915,6
1519963313298;70;880;916,4
1519963314049;69;940;917,28
1519963315215;69;670;918,22
1519963316015;69;1210;918,89
1519963316806;68;830;920,1
1519963317611;68;790;920,93
1519963318321;69;770;921,72
1519963319116;70;780;922,49
1519963320024;70;800;923,27
1519963320829;70;840;924,07
1519963321758;71;860;924,91
1519963322720;70;900;925,77
1519963323621;70;930;926,67
1519963324533;70;910;927,6
1519963325455;69;880;928,51
1519963326236;69;890;929,39
1519963327133;69;850;930,28
1519963327949;69;870;931,13
1519963328856;69;850;932
1519963329749;69;860;932,85
1519963330648;69;910;933,71
1519963331542;68;940;934,62
1519963332442;68;910;935,56
1519963333342;68;890;936,47
1519963334160;67;850;937,36
1519963334856;68;770;938,21
1519963335677;69;790;938,98
1519963336580;69;800;939,77
1519963337559;69;850;940,57
1519963338466;69;960;941,42
1519963339467;69;960;942,38
1519963340367;68;980;943,34
1519963341266;68;950;944,32
1519963342169;67;890;945,27
1519963342974;67;840;946,16
1519963344067;68;790;947
1519963344578;68;790;947,79
1519963345477;69;830;948,58
1519963346283;69;870;949,41
1519963347280;69;870;950,28
1519963347995;69;910;951,15
1519963348882;69;810;952,06
1519963349679;69;880;952,87
1519963350484;70;810;953,75
1519963351292;70;800;954,56
1519963352216;70;820;955,36
1519963353090;70;850;956,18
1519963353988;71;900;957,03
1519963354887;70;890;957,93
1519963355815;70;910;958,82
1519963356695;70;920;959,73
1519963357611;69;880;960,65
1519963358850;70;1300;961,53
1519963360108;70;720;962,83
1519963361027;70;1400;963,55
1519963361919;69;870;964,95
1519963362810;69;860;965,82
1519963363631;69;920;966,68
1519963364411;69;790;967,6
1519963365327;69;860;968,39
1519963366119;70;840;969,25
1519963367023;70;850;970,09
1519963367829;70;840;970,94
1519963368626;70;840;971,78
1519963369625;70;830;972,62
1519963370336;70;970;973,45
1519963371133;71;680;974,42
1519963372441;71;790;975,1
1519963373638;71;1150;975,89
1519963374234;71;1350;977,04
1519963375559;70;1060;978,39
1519963377145;71;1400;979,45
1519963378669;71;1020;980,85
1519963379346;71;1560;981,87
1519963380044;71;750;983,43
1519963380848;72;690;984,18
1519963381559;72;740;984,87
1519963382455;73;670;985,61
1519963383662;72;970;986,28
1519963384255;72;1130;987,25
1519963385063;73;660;988,38
1519963385858;73;820;989,04
1519963386664;74;760;989,86
1519963387360;75;790;990,62
1519963388162;76;730;991,41
1519963389065;76;810;992,14
1519963390068;75;890;992,95
1519963391115;75;960;993,84
1519963391775;75;840;994,8
1519963392669;74;890;995,64
1519963393369;73;860;996,53
1519963394277;73;790;997,39
1519963395075;73;800;998,18
1519963395984;73;830;998,98
1519963396909;73;950;999,81
1519963397981;73;1230;1000,76
1519963398905;73;730;1001,99
1519963399790;73;930;1002,72
1519963400485;73;860;1003,65
1519963401390;73;800;1004,51
1519963402410;72;830;1005,31
1519963403005;72;820;1006,14
1519963403706;73;810;1006,96
1519963405304;72;590;1007,77
1519963406102;72;1640;1008,36
1519963406902;73;810;1010
1519963408102;73;810;1010,81
1519963408610;72;860;1011,62
1519963409532;72;860;1012,48
1519963410310;72;920;1013,34
1519963411716;72;1560;1014,26
1519963412534;73;680;1015,82
1519963413211;74;710;1016,5
1519963414213;74;750;1017,21
1519963415423;74;1000;1017,96
1519963416429;74;1500;1018,96
1519963417429;74;690;1020,46
1519963418428;74;970;1021,15
1519963419425;72;1020;1022,12
1519963420433;72;980;1023,14
1519963421333;71;850;1024,12
1519963422141;71;1050;1024,97
1519963422932;70;820;1026,02
1519963423733;70;790;1026,84
1519963424542;71;790;1027,63
1519963425344;71;810;1028,42
1519963426337;71;840;1029,23
1519963427253;71;920;1030,07
1519963428152;71;920;1030,99
1519963429054;70;890;1031,91
1519963429974;70;910;1032,8
1519963430855;69;920;1033,71
1519963431746;69;930;1034,63
1519963432790;68;910;1035,56
1519963433946;68;920;1036,47
1519963434461;67;880;1037,39
1519963435364;67;850;1038,27
1519963436170;67;860;1039,12
1519963436868;68;860;1039,98
1519963438274;67;1100;1040,84
1519963439184;67;1010;1041,94
1519963439778;67;850;1042,95
1519963440681;68;640;1043,8
1519963441481;68;860;1044,44
1519963442404;69;750;1045,3
1519963443284;69;990;1046,05
1519963444085;69;860;1047,04
1519963445783;71;1260;1047,9
1519963446590;70;1240;1049,16
1519963447491;70;840;1050,4
1519963448291;70;850;1051,24
1519963449197;70;880;1052,09
1519963450096;70;840;1052,97
1519963451019;70;890;1053,81
1519963451796;69;910;1054,7
1519963452812;69;790;1055,61
1519963453609;69;980;1056,4
1519963454506;69;860;1057,38
1519963455308;69;870;1058,24
1519963456221;69;750;1059,11
1519963457112;69;800;1059,86
1519963458018;69;1030;1060,66
1519963458820;69;910;1061,69
1519963459821;69;890;1062,6
1519963460639;69;830;1063,49
1519963461519;69;980;1064,32
1519963462620;69;860;1065,3
1519963463425;68;1080;1066,16
1519963464293;68;710;1067,24
1519963465832;69;1290;1067,95
1519963466540;68;900;1069,24
1519963467330;68;1030;1070,14
1519963468129;69;760;1071,17
1519963468934;70;780;1071,93
1519963469738;71;800;1072,71
1519963470637;71;830;1073,51
1519963471535;71;860;1074,34
1519963472453;71;900;1075,2
1519963473246;71;880;1076,1
1519963474248;70;870;1076,98
1519963475145;70;930;1077,85
1519963476048;70;900;1078,78
1519963477062;69;970;1079,68
1519963478054;68;1000;1080,65
1519963479854;67;1900;1081,65
1519963480755;67;880;1083,55
1519963481663;67;910;1084,43
1519963482561;66;890;1085,34
1519963483472;66;880;1086,23
1519963484677;66;950;1087,11
1519963485476;66;1170;1088,06
1519963486369;67;800;1089,23
1519963487374;67;950;1090,03
1519963488168;67;910;1090,98
1519963489073;67;870;1091,89
1519963489880;67;850;1092,76
1519963490675;68;810;1093,61
1519963491578;68;820;1094,42
1519963492384;69;880;1095,24
1519963493383;69;840;1096,12
1519963494298;69;910;1096,96
1519963495094;69;940;1097,87
1519963495989;69;850;1098,81
1519963496896;68;850;1099,66
1519963497497;68;900;1100,51
1519963498594;68;650;1101,41
1519963499396;68;1090;1102,06
1519963500108;69;770;1103,15
1519963500917;69;750;1103,92
1519963501601;70;730;1104,67
1519963502416;70;720;1105,4
1519963503121;71;770;1106,12
1519963504010;71;790;1106,89
1519963505010;71;870;1107,68
1519963505921;71;930;1108,55
1519963506710;70;980;1109,48
1519963507333;70;730;1110,46
1519963508025;70;650;1111,19
1519963509334;69;1080;1111,84
1519963510133;69;930;1112,92
1519963511031;70;810;1113,85
1519963512176;70;850;1114,66
1519963512930;69;930;1115,51
1519963513828;69;950;1116,44
1519963514739;69;920;1117,39
1519963515737;68;930;1118,31
1519963516916;68;950;1119,24
1519963517559;67;910;1120,19
1519963518348;67;890;1121,1
1519963519140;67;840;1121,99
1519963519840;68;760;1122,83
1519963520636;68;750;1123,59
1519963521459;69;780;1124,34
1519963522448;69;830;1125,12
1519963523448;69;980;1125,95
1519963524466;69;980;1126,93
1519963525363;68;970;1127,91
1519963526250;68;920;1128,88
1519963527053;67;890;1129,8
1519963527958;67;860;1130,69
1519963528671;68;830;1131,55
1519963529465;68;790;1132,38
1519963530373;69;800;1133,17
1519963531281;69;850;1133,97
1519963532165;70;900;1134,82
1519963533067;69;900;1135,72
1519963533871;70;870;1136,62
1519963534781;70;920;1137,49
1519963535470;70;790;1138,41
1519963536268;70;760;1139,2
1519963536985;71;740;1139,96
1519963537787;71;760;1140,7
1519963538474;72;760;1141,46
1519963539280;72;750;1142,22
1519963539990;73;730;1142,97
1519963540686;73;720;1143,7
1519963541393;74;690;1144,42
1519963542101;75;700;1145,11
1519963542997;76;750;1145,81
1519963543889;75;560;1146,56
1519963544689;75;1150;1147,12
1519963545596;74;910;1148,27
1519963546725;73;860;1149,18
1519963547605;72;970;1150,04
1519963548498;71;1000;1151,01
1519963549497;70;940;1152,01
1519963550809;70;1260;1152,95
1519963551909;70;910;1154,21
1519963552609;69;1190;1155,12
1519963553309;70;710;1156,31
1519963554113;71;680;1157,02
1519963555114;72;820;1157,7
1519963556219;71;1040;1158,52
1519963557316;71;1110;1159,56
1519963558436;70;1080;1160,67
1519963559435;69;1040;1161,75
1519963560323;69;1010;1162,79
1519963561475;68;950;1163,8
1519963562236;66;930;1164,75
1519963563033;66;900;1165,68
1519963563939;66;870;1166,58
1519963564849;66;870;1167,45
1519963565734;66;890;1168,32
1519963566646;66;900;1169,21
1519963567535;67;900;1170,11
1519963568434;67;910;1171,01
1519963569451;66;950;1171,92
1519963570354;66;920;1172,87
1519963571151;66;910;1173,79
1519963572052;66;860;1174,7
1519963572851;66;830;1175,56
1519963573751;67;860;1176,39
1519963574663;67;880;1177,25
1519963575550;67;890;1178,13
1519963576839;67;940;1179,02
1519963577369;67;910;1179,96
1519963578259;67;870;1180,87
1519963579965;68;880;1181,74
1519963580765;68;1740;1182,62
1519963581564;68;810;1184,36
1519963582574;68;650;1185,17
1519963583276;68;1060;1185,82
1519963584082;68;780;1186,88
1519963584882;69;740;1187,66
1519963585705;69;800;1188,4
1519963586508;70;810;1189,2
1519963587290;70;830;1190,01
1519963588086;71;820;1190,84
1519963588886;71;810;1191,66
1519963589790;72;790;1192,47
1519963590506;72;760;1193,26
1519963592105;72;1220;1194,02
1519963593100;71;1180;1195,24
1519963593904;71;990;1196,42
1519963594700;70;840;1197,41
1519963595601;71;820;1198,25
1519963596303;70;810;1199,07
1519963597254;71;780;1199,88
1519963598009;71;830;1200,66
1519963598908;71;890;1201,49
1519963599810;72;760;1202,38
1519963600621;71;1010;1203,14
1519963601418;71;830;1204,15
1519963602218;71;780;1204,98
1519963602925;72;770;1205,76
1519963603735;72;740;1206,53
1519963604421;73;730;1207,27
1519963605225;73;730;1208
1519963606028;74;760;1208,73
1519963606932;74;840;1209,49
1519963607832;74;900;1210,33
1519963608831;73;940;1211,23
1519963609739;72;920;1212,17
1519963610638;72;930;1213,09
1519963611825;71;910;1214,02
1519963612339;70;890;1214,93
1519963613140;70;810;1215,82
1519963613947;71;790;1216,63
1519963614803;71;770;1217,42
1519963615645;71;820;1218,19
1519963616649;71;910;1219,01
1519963617569;71;960;1219,92
1519963618455;70;930;1220,88
1519963619368;70;930;1221,81
1519963620158;69;750;1222,74
1519963620960;69;980;1223,49
1519963621764;69;790;1224,47
1519963622564;70;770;1225,26
1519963623364;71;760;1226,03
1519963624167;71;860;1226,79
1519963625068;71;840;1227,65
1519963625971;71;890;1228,49
1519963626972;70;910;1229,38
1519963627774;70;920;1230,29
1519963628580;70;820;1231,21
1519963629375;70;830;1232,03
1519963630277;70;810;1232,86
1519963631078;70;820;1233,67
1519963631888;70;820;1234,49
1519963632785;71;830;1235,31
1519963633595;71;860;1236,14
1519963634485;71;840;1237
1519963635198;71;850;1237,84
1519963636381;71;790;1238,69
1519963636688;72;790;1239,48
1519963637781;72;590;1240,27
1519963638698;72;1100;1240,86
1519963639498;72;670;1241,96
1519963640403;71;1110;1242,63
1519963641201;71;840;1243,74
1519963642102;70;900;1244,58
1519963643018;70;880;1245,48
1519963643805;69;870;1246,36
1519963644891;69;830;1247,23
1519963645508;70;820;1248,06
1519963646311;70;820;1248,88
1519963647220;70;860;1249,7
1519963648223;70;890;1250,56
1519963649118;70;940;1251,45
1519963650121;69;970;1252,39
1519963651136;68;950;1253,36
1519963651924;68;970;1254,31
1519963652828;68;890;1255,28
1519963653632;68;810;1256,17
1519963654428;68;840;1256,98
1519963655133;68;790;1257,82
1519963656046;69;770;1258,61
1519963656931;69;850;1259,38
1519963657868;69;870;1260,23
1519963658647;70;870;1261,1
1519963659706;70;900;1261,97
1519963660440;69;900;1262,87
1519963661346;69;870;1263,77
1519963662246;69;870;1264,64
1519963663050;68;860;1265,51
1519963663753;69;840;1266,37
1519963664549;69;740;1267,21
1519963665258;70;770;1267,95
1519963666059;70;740;1268,72
1519963666863;71;730;1269,46
1519963667658;71;810;1270,19
1519963668555;71;870;1271
1519963669559;71;900;1271,87
1519963670460;70;930;1272,77
1519963671370;70;900;1273,7
1519963672165;69;900;1274,6
1519963673068;69;870;1275,5
1519963673953;69;830;1276,37
1519963674669;69;810;1277,2
1519963675571;69;820;1278,01
1519963676373;70;850;1278,83
1519963677278;70;870;1279,68
1519963678278;70;880;1280,55
1519963679123;69;970;1281,43
1519963679781;69;870;1282,4
1519963681595;69;1180;1283,27
1519963682485;69;1330;1284,45
1519963683490;69;810;1285,78
1519963684797;69;1540;1286,59
1519963686150;69;1240;1288,13
1519963686698;69;750;1289,37
1519963687499;70;690;1290,12
1519963688298;71;840;1290,81
1519963689124;71;830;1291,65
1519963690433;72;1150;1292,48
1519963690953;72;610;1293,63
1519963692508;72;1320;1294,24
1519963693716;73;1050;1295,56
1519963694410;75;1200;1296,61
1519963695214;75;750;1297,81
1519963696118;76;790;1298,56
1519963697028;75;900;1299,35
1519963697922;74;900;1300,25
1519963698839;73;910;1301,15
1519963699523;72;850;1302,06
1519963700342;72;770;1302,91
1519963701131;72;780;1303,68
1519963702289;73;810;1304,46
1519963702838;72;750;1305,27
1519963704445;73;940;1306,02
1519963705245;73;1600;1306,96
1519963706049;73;780;1308,56
1519963706749;74;760;1309,34
1519963707467;75;690;1310,1
1519963708165;75;740;1310,79
1519963708954;75;760;1311,53
1519963709761;76;760;1312,29
1519963710561;76;780;1313,05
1519963711477;76;780;1313,83
1519963712363;76;870;1314,61
1519963713361;75;990;1315,48
1519963714275;75;960;1316,47
1519963715068;75;910;1317,43
1519963715973;74;840;1318,34
1519963716571;73;810;1319,18
1519963717373;74;680;1319,99
1519963718074;75;750;1320,67
1519963718876;76;750;1321,42
1519963719677;77;760;1322,17
1519963720608;77;800;1322,93
1519963721390;76;860;1323,73
1519963722286;75;850;1324,59
1519963723085;75;840;1325,44
1519963723885;74;850;1326,28
1519963724687;74;820;1327,13
1519963725942;74;800;1327,95
1519963726216;74;820;1328,75
1519963726891;73;660;1329,57
1519963727793;74;680;1330,23
1519963728695;74;830;1330,91
1519963729400;74;960;1331,74
1519963730299;75;780;1332,7
1519963731100;74;800;1333,48
1519963732003;74;830;1334,28
1519963732807;74;870;1335,11
1519963733727;73;830;1335,98
1519963734516;73;840;1336,81
1519963735408;73;880;1337,65
1519963736214;72;880;1338,53
1519963737013;72;820;1339,41
1519963737714;72;770;1340,23
1519963738516;72;770;1341
1519963739315;73;780;1341,77
1519963740121;73;790;1342,55
1519963740922;73;800;1343,34
1519963741621;74;770;1344,14
1519963742423;74;770;1344,91
1519963743235;74;770;1345,68
1519963744029;75;790;1346,45
1519963745062;75;840;1347,24
1519963745931;74;930;1348,08
1519963746931;74;950;1349,01
1519963747906;73;930;1349,96
1519963748634;73;890;1350,89
1519963749478;72;820;1351,78
1519963750238;72;870;1352,6
1519963750945;73;730;1353,47
1519963751742;73;750;1354,2
1519963752545;74;770;1354,95
1519963753476;74;830;1355,72
1519963754348;74;880;1356,55
1519963755252;73;890;1357,43
1519963756150;73;890;1358,32
1519963756962;72;890;1359,21
1519963758090;72;870;1360,1
1519963758715;71;830;1360,97
1519963759460;71;830;1361,8
1519963760259;71;810;1362,63
1519963761170;71;820;1363,44
1519963761865;71;810;1364,26
1519963764076;72;1300;1365,07
1519963764466;73;1430;1366,37
1519963765579;73;590;1367,8
1519963766293;73;1150;1368,39
1519963766976;74;680;1369,54
1519963767676;75;700;1370,22
1519963768375;76;740;1370,92
1519963769178;77;670;1371,66
1519963769882;78;770;1372,33
1519963770590;79;710;1373,1
1519963771385;80;760;1373,81
1519963772093;80;750;1374,57
1519963772889;80;760;1375,32
1519963773594;80;720;1376,08
1519963774330;80;710;1376,8
1519963774989;80;720;1377,51
1519963775695;81;710;1378,23
1519963776293;81;680;1378,94
1519963777018;82;660;1379,62
1519963777696;82;660;1380,28
1519963778836;83;690;1380,94
1519963779597;82;950;1381,63
1519963780608;82;980;1382,58
1519963781602;82;1020;1383,56
1519963782603;82;930;1384,58
1519963783413;82;980;1385,51
1519963784208;81;870;1386,49
1519963785017;80;820;1387,36
1519963785711;79;780;1388,18
1519963786411;79;710;1388,96
1519963787113;80;700;1389,67
1519963788545;79;990;1390,37
1519963789224;79;1040;1391,36
1519963790020;79;750;1392,4
1519963790820;79;780;1393,15
1519963791550;79;800;1393,93
1519963792325;79;720;1394,73
1519963793051;79;750;1395,45
1519963793724;79;700;1396,2
1519963795239;80;1160;1396,9
1519963796033;80;910;1398,06
1519963797658;80;940;1398,97
1519963798751;81;1210;1399,91
1519963799448;80;1310;1401,12
1519963800047;79;940;1402,43
1519963800743;80;570;1403,37
1519963801349;80;680;1403,94
1519963802043;82;650;1404,62
1519963803055;82;1020;1405,27
1519963804267;82;940;1406,29
1519963804774;83;690;1407,23
1519963805552;83;700;1407,92
1519963806460;81;800;1408,62
1519963807363;81;880;1409,42
1519963808163;81;890;1410,3
1519963808965;81;640;1411,19
1519963809761;80;1040;1411,83
1519963810562;79;790;1412,87
1519963811270;79;740;1413,66
1519963811963;79;710;1414,4
1519963812664;79;690;1415,11
1519963813865;80;750;1415,8
1519963814870;80;1170;1416,55
1519963815772;80;1000;1417,72
1519963816771;79;880;1418,72
1519963817672;78;990;1419,6
1519963818500;78;950;1420,59
1519963819084;77;800;1421,54
1519963820378;76;1070;1422,34
1519963821179;77;790;1423,41
1519963821953;76;850;1424,2
1519963822900;76;740;1425,05
1519963823786;73;860;1425,79
1519963824786;73;960;1426,65
1519963825691;73;810;1427,61
1519963826401;73;1100;1428,42
1519963827090;74;710;1429,52
1519963827896;74;730;1430,23
1519963828595;75;760;1430,96
1519963829395;76;760;1431,72
1519963830298;76;780;1432,48
1519963831101;76;820;1433,26
1519963831700;76;860;1434,08
1519963832812;77;570;1434,94
1519963833304;76;780;1435,51
1519963834613;76;1410;1436,29
1519963835522;76;710;1437,7
1519963836256;76;840;1438,41
1519963837011;75;790;1439,25
1519963837840;75;770;1440,04
1519963838716;75;810;1440,81
1519963839517;74;860;1441,62
1519963840320;74;830;1442,48
1519963841021;74;780;1443,31
1519963841724;75;750;1444,09
1519963842463;75;720;1444,84
1519963843227;76;720;1445,56
1519963844136;76;750;1446,28
1519963845030;76;850;1447,03
1519963846031;75;920;1447,88
1519963846934;75;970;1448,8
1519963847933;75;990;1449,77
1519963848836;74;950;1450,76
1519963849637;74;880;1451,71
1519963850439;73;840;1452,59
1519963851592;73;810;1453,43
1519963852045;72;810;1454,24
1519963852845;73;770;1455,05
1519963853651;73;810;1455,82
1519963854558;73;830;1456,63
1519963855349;73;870;1457,46
1519963856150;73;830;1458,33
1519963856754;73;810;1459,16
1519963857856;73;970;1459,97
1519963858559;73;570;1460,94
1519963859356;73;880;1461,51
1519963860359;74;750;1462,39
1519963861059;74;980;1463,14
1519963862433;74;1030;1464,12
1519963863366;75;1260;1465,15
1519963864166;76;750;1466,41
1519963864870;76;760;1467,16
1519963866270;75;1200;1467,92
1519963866972;75;840;1469,12
1519963868069;75;720;1469,96
1519963869710;75;910;1470,68
1519963870610;76;1790;1471,59
1519963871113;76;860;1473,38
1519963872011;77;610;1474,24
1519963872820;77;920;1474,85
1519963873616;77;770;1475,77
1519963874419;78;760;1476,54
1519963875833;77;830;1477,3
1519963876224;77;910;1478,13
1519963877221;76;830;1479,04
1519963877925;75;930;1479,87
1519963878831;74;720;1480,8
1519963879526;74;800;1481,52
1519963880338;73;940;1482,32
1519963881040;73;770;1483,26
1519963881834;73;750;1484,03
1519963882642;74;750;1484,78
1519963883436;75;770;1485,53
1519963884267;75;790;1486,3
1519963885043;75;830;1487,09
1519963885842;75;840;1487,92
1519963886744;75;820;1488,76
1519963887541;75;830;1489,58
1519963888452;74;860;1490,41
1519963889349;74;840;1491,27
1519963890151;73;880;1492,11
1519963891058;73;870;1492,99
1519963891956;73;860;1493,86
1519963892857;72;900;1494,72
1519963893771;71;930;1495,62
1519963894661;71;910;1496,55
1519963895467;70;840;1497,46
1519963896268;70;820;1498,3
1519963897072;70;820;1499,12
1519963897865;71;820;1499,94
1519963898672;71;770;1500,76
1519963899476;72;780;1501,53
1519963900186;72;780;1502,31
1519963900979;73;760;1503,09
1519963901786;73;790;1503,85
1519963902678;74;830;1504,64
1519963903579;74;860;1505,47
1519963904489;73;930;1506,33
1519963905401;72;910;1507,26
1519963906290;72;910;1508,17
1519963907088;71;870;1509,08
1519963907896;71;810;1509,95
1519963908788;71;800;1510,76
1519963909599;71;840;1511,56
1519963910406;71;830;1512,4
1519963911193;71;820;1513,23
1519963912013;71;800;1514,05
1519963912903;72;800;1514,85
1519963913706;72;840;1515,65
1519963914508;72;830;1516,49
1519963915208;72;770;1517,32
1519963916013;73;760;1518,09
1519963916811;73;760;1518,85
1519963917609;73;800;1519,61
1519963918519;74;810;1520,41
1519963919311;73;900;1521,22
1519963920229;73;850;1522,12
1519963921133;73;890;1522,97
1519963922020;72;920;1523,86
1519963922924;72;900;1524,78
1519963923722;71;840;1525,68
1519963924529;71;800;1526,52
1519963925331;71;850;1527,32
1519963926030;72;800;1528,17
1519963926729;72;700;1528,97
1519963927430;73;710;1529,67
1519963928234;74;690;1530,38
1519963929136;74;770;1531,07
1519963930042;74;880;1531,84
1519963931056;73;920;1532,72
1519963931953;73;940;1533,64
1519963932848;72;920;1534,58
1519963933757;71;900;1535,5
1519963934941;71;900;1536,4
1519963935446;71;900;1537,3
1519963936368;70;860;1538,2
1519963937248;70;880;1539,06
1519963938055;69;850;1539,94
1519963938860;69;860;1540,79
1519963939660;69;830;1541,65
1519963940561;70;780;1542,48
1519963941363;70;820;1543,26
1519963942061;70;810;1544,08
1519963942869;71;780;1544,89
1519963943675;71;780;1545,67
1519963944564;72;800;1546,45
1519963945376;72;850;1547,25
1519963946175;72;800;1548,1
1519963947072;72;820;1548,9
1519963947871;73;860;1549,72
1519963948772;72;880;1550,58
1519963949716;72;860;1551,46
1519963950393;72;820;1552,32
1519963951095;72;770;1553,14
1519963951896;72;770;1553,91
1519963952692;73;780;1554,68
1519963953495;73;780;1555,46
1519963954295;73;810;1556,24
1519963955101;73;830;1557,05
1519963955946;74;780;1557,88
1519963956803;74;780;1558,66
1519963957603;74;870;1559,44
1519963958507;74;860;1560,31
1519963959305;73;840;1561,17
1519963960118;73;850;1562,01
1519963960817;73;740;1562,86
1519963961625;74;760;1563,6
1519963962317;74;740;1564,36
1519963963123;75;730;1565,1
1519963963818;75;760;1565,83
1519963964618;76;770;1566,59
1519963965421;76;770;1567,36
1519963966123;76;760;1568,13
1519963966821;77;730;1568,89
1519963967524;77;730;1569,62
1519963968343;78;700;1570,35
1519963969226;78;670;1571,05
1519963969728;78;1020;1571,72
1519963970529;78;560;1572,74
1519963971233;79;690;1573,3
1519963972039;79;770;1573,99
1519963972837;79;740;1574,76
1519963973636;79;820;1575,5
1519963974641;79;870;1576,32
1519963975539;78;700;1577,19
1519963976446;78;1110;1577,89
1519963977158;78;870;1579
1519963977950;78;800;1579,87
1519963978647;78;770;1580,67
1519963979453;78;740;1581,44
1519963980054;78;720;1582,18
1519963981557;78;1450;1582,9
1519963982260;79;740;1584,35
1519963983057;80;600;1585,09
1519963983789;80;830;1585,69
1519963984565;80;620;1586,52
1519963985464;79;940;1587,14
1519963986161;79;850;1588,08
1519963986965;78;750;1588,93
1519963987767;78;740;1589,68
1519963988465;78;800;1590,42
1519963989272;77;760;1591,22
1519963989969;77;750;1591,98
1519963990689;77;720;1592,73
1519963991385;78;670;1593,45
1519963992379;78;750;1594,12
1519963993280;78;950;1594,87
1519963994284;77;940;1595,82
1519963995181;76;950;1596,76
1519963995794;76;940;1597,71
1519963996986;75;950;1598,65
1519963997954;74;840;1599,6
1519963998791;74;910;1600,44
1519963999794;73;920;1601,35
1519964000794;72;990;1602,27
1519964001801;70;1000;1603,26
1519964002900;69;820;1604,26
1519964003598;68;1180;1605,08
1519964004602;64;770;1606,26
1519964005805;63;970;1607,03
1519964007609;64;1180;1608
1519964008109;64;1550;1609,18
1519964009112;65;860;1610,73
1519964010014;65;930;1611,59
1519964011114;65;920;1612,52
1519964012120;65;1060;1613,44
1519964013921;66;1460;1614,5
1519964014725;65;1400;1615,96
1519964015925;65;1150;1617,36
1519964017232;64;1130;1618,51
1519964018045;64;970;1619,64
1519964018735;65;820;1620,61
1519964019633;66;740;1621,43
1519964020541;67;850;1622,17
1519964021434;67;910;1623,02
1519964022239;67;850;1623,93
1519964023147;68;860;1624,78
1519964024149;68;900;1625,64
1519964025044;68;940;1626,54
1519964026047;67;960;1627,48
1519964026949;67;940;1628,44
1519964028061;66;950;1629,38
1519964028852;66;960;1630,33
1519964029754;65;950;1631,29
1519964030760;65;940;1632,24
1519964031659;65;930;1633,18
1519964032564;64;960;1634,11
1519964033568;64;910;1635,07
1519964034469;64;910;1635,98
1519964035364;64;920;1636,89
1519964036372;64;960;1637,81
1519964037270;64;930;1638,77
1519964038172;64;960;1639,7
1519964039075;64;690;1640,66
1519964039873;64;1040;1641,35
1519964040684;65;830;1642,39
1519964041583;65;850;1643,22
1519964042800;66;910;1644,07
1519964043485;66;900;1644,98
1519964044487;66;970;1645,88
1519964045390;66;980;1646,85
1519964046289;65;930;1647,83
1519964047200;65;920;1648,76
1519964048093;65;860;1649,68
1519964048894;66;860;1650,54
1519964049710;66;800;1651,4
1519964050598;67;820;1652,2
1519964051421;67;850;1653,02
1519964052200;67;860;1653,87
1519964053106;68;830;1654,73
1519964053908;68;860;1655,56
1519964054813;69;840;1656,42
1519964055610;69;840;1657,26
1519964056511;69;830;1658,1
1519964057584;70;850;1658,93
1519964058118;70;850;1659,78
1519964059021;70;840;1660,63
1519964059821;70;850;1661,47
1519964060719;70;850;1662,32
1519964061620;70;850;1663,17
1519964062523;70;900;1664,02
1519964063525;69;940;1664,92
1519964064426;69;960;1665,86
1519964065431;68;930;1666,82
1519964066330;69;930;1667,75
1519964067835;69;1740;1668,68
1519964068636;69;750;1670,42
1519964069342;69;750;1671,17
1519964070040;70;710;1671,92
1519964070840;71;720;1672,63
1519964071550;71;730;1673,35
1519964072396;72;730;1674,08
1519964073250;73;590;1674,81
1519964074151;72;1140;1675,4
1519964074948;71;870;1676,54
1519964075855;71;860;1677,41
1519964076653;71;840;1678,27
1519964077553;71;840;1679,11
1519964078355;71;840;1679,95
1519964079157;71;810;1680,79
1519964079961;71;820;1681,6
1519964081061;71;820;1682,42
1519964081571;71;1040;1683,24
1519964082469;71;630;1684,28
1519964083271;71;790;1684,91
1519964084073;72;830;1685,7
1519964084868;72;820;1686,53
1519964085772;72;820;1687,35
1519964086690;72;850;1688,17
1519964087479;72;880;1689,02
1519964088380;72;870;1689,9
1519964089281;71;870;1690,77
1519964090083;71;850;1691,64
1519964090886;71;850;1692,49
1519964091686;71;750;1693,34
1519964092484;71;840;1694,09
1519964093389;72;790;1694,93
1519964094293;72;860;1695,72
1519964095296;71;770;1696,58
1519964096197;71;1180;1697,35
1519964097096;71;930;1698,53
1519964097895;71;850;1699,46
1519964098701;70;830;1700,31
1519964099504;70;790;1701,14
1519964100302;71;760;1701,93
1519964101104;71;840;1702,69
1519964101902;72;790;1703,53
1519964102706;73;750;1704,32
1519964103514;73;830;1705,07
1519964104511;72;820;1705,9
1519964105211;72;870;1706,72
1519964107120;72;1670;1707,59
1519964108420;72;990;1709,26
1519964109124;72;1340;1710,25
1519964109923;72;770;1711,59
1519964110826;73;790;1712,36
1519964111735;73;840;1713,15
1519964112631;72;900;1713,99
1519964113535;72;900;1714,89
1519964114432;72;910;1715,79
1519964115339;71;930;1716,7
1519964116238;70;890;1717,63
1519964117042;70;860;1718,52
1519964117940;70;860;1719,38
1519964118742;69;860;1720,24
1519964119554;70;810;1721,1
1519964120348;70;820;1721,91
1519964121252;70;840;1722,73
1519964122156;70;910;1723,57
1519964122556;70;680;1724,48
1519964123856;70;930;1725,16
1519964124757;70;900;1726,09
1519964125759;70;980;1726,99
1519964126565;69;920;1727,97
1519964127466;69;880;1728,89
1519964128369;69;870;1729,77
1519964129167;69;850;1730,64
1519964129868;69;820;1731,49
1519964130776;69;750;1732,31
1519964131670;70;900;1733,06
1519964132478;70;830;1733,96
1519964133183;70;810;1734,79
1519964133976;71;740;1735,6
1519964134883;71;830;1736,34
1519964135794;71;870;1737,17
1519964136786;71;920;1738,04
1519964137690;70;950;1738,96
1519964138489;70;900;1739,91
1519964139389;70;860;1740,81
1519964140190;69;840;1741,67
1519964140993;70;820;1742,51
1519964141797;70;790;1743,33
1519964142599;70;780;1744,12
1519964143400;71;800;1744,9
1519964144303;71;830;1745,7
1519964145101;71;880;1746,53
1519964146222;71;840;1747,41
1519964146807;71;860;1748,25
1519964147609;71;800;1749,11
1519964148410;72;790;1749,91
1519964149214;72;790;1750,7
1519964150014;72;800;1751,49
1519964150815;72;810;1752,29
1519964151713;73;820;1753,1
1519964152718;72;920;1753,92
1519964153626;72;960;1754,84
1519964154518;71;940;1755,8
1519964155424;71;910;1756,74
1519964156222;71;880;1757,65
1519964157029;70;830;1758,53
1519964157828;71;790;1759,36
1519964158630;71;780;1760,15
1519964159434;71;790;1760,93
1519964160235;72;780;1761,72
1519964161002;72;770;1762,5
1519964161834;73;800;1763,27
1519964162539;73;820;1764,07
1519964163340;74;740;1764,89
1519964164156;74;790;1765,63
1519964165947;75;1760;1766,42
1519964167246;74;830;1768,18
1519964167748;74;1040;1769,01
1519964168551;74;750;1770,05
1519964169151;75;820;1770,8
1519964169751;76;610;1771,62
1519964170516;77;630;1772,23
1519964171059;77;640;1772,86
1519964171761;78;640;1773,5
1519964172458;79;680;1774,14
1519964173163;80;720;1774,82
1519964173863;81;710;1775,54
1519964174560;81;720;1776,25
1519964175299;82;700;1776,97
1519964175961;83;690;1777,67
1519964176670;83;670;1778,36
1519964177267;84;660;1779,03
1519964177976;84;700;1779,69
1519964178775;85;690;1780,39
1519964179572;85;720;1781,08
1519964180374;84;800;1781,8
1519964181283;83;820;1782,6
1519964182478;83;880;1783,42
1519964183083;83;950;1784,3
1519964183981;83;970;1785,25
1519964184782;84;780;1786,22
1519964185586;83;820;1787
1519964186486;82;820;1787,82
1519964187289;81;840;1788,64
1519964188088;81;820;1789,48
1519964189258;79;830;1790,3
1519964189489;79;820;1791,13
1519964190596;79;930;1791,95
1519964191399;79;750;1792,88
1519964192298;78;820;1793,63
1519964193200;77;890;1794,45
1519964194099;76;890;1795,34
1519964194908;75;880;1796,23
1519964195701;74;790;1797,11
1519964196602;74;900;1797,9
1519964197613;73;810;1798,8
1519964198007;73;810;1799,61
1519964199016;73;620;1800,42
1519964199710;73;870;1801,04
1519964200569;74;820;1801,91
1519964201314;74;800;1802,73
1519964202213;74;820;1803,53
1519964203117;74;880;1804,35
1519964203918;74;870;1805,23
1519964204819;73;880;1806,1
1519964205623;73;860;1806,98
1519964206521;72;830;1807,84
1519964207331;72;820;1808,67
1519964208129;72;820;1809,49
1519964208828;72;770;1810,31
1519964209733;73;790;1811,08
1519964210631;73;840;1811,87
1519964211601;72;910;1812,71
1519964212435;72;890;1813,62
1519964213339;71;880;1814,51
1519964214143;71;900;1815,39
1519964215045;71;840;1816,29
1519964215840;70;860;1817,13
1519964216643;70;870;1817,99
1519964218249;70;770;1818,86
1519964219047;70;1640;1819,63
1519964219854;71;760;1821,27
1519964220755;71;810;1822,03
1519964221653;71;840;1822,84
1519964222455;71;890;1823,68
1519964223355;71;870;1824,57
1519964224060;71;880;1825,44
1519964225162;72;700;1826,32
1519964226366;72;1020;1827,02
1519964227271;72;1250;1828,04
1519964228167;72;940;1829,29
1519964229474;73;870;1830,23
1519964230071;73;1270;1831,1
1519964230797;73;670;1832,37
1519964231480;73;660;1833,04
1519964232182;74;730;1833,7
1519964232985;74;740;1834,43
1519964233785;75;780;1835,17
1519964234586;75;780;1835,95
1519964235389;76;780;1836,73
1519964236088;76;780;1837,51
1519964236891;77;750;1838,29
1519964238092;77;770;1839,04
1519964238694;76;970;1839,81
1519964239197;76;730;1840,78
1519964239897;77;630;1841,51
1519964240599;77;710;1842,14
1519964241301;78;690;1842,85
1519964241901;79;670;1843,54
1519964242604;79;640;1844,21
1519964243305;80;670;1844,85
1519964244005;80;680;1845,52
1519964244907;81;730;1846,2
1519964245996;80;860;1846,93
1519964246711;79;920;1847,79
1519964247712;79;920;1848,71
1519964248228;79;910;1849,63
1519964249416;79;990;1850,54
1519964250323;79;870;1851,53
1519964251221;78;870;1852,4
1519964252123;77;860;1853,27
1519964252924;76;860;1854,13
1519964253631;75;820;1854,99
1519964254528;75;770;1855,81
1519964255430;74;770;1856,58
1519964256433;75;970;1857,35
1519964257336;75;1280;1858,32
1519964258038;76;640;1859,6
1519964258738;77;690;1860,24
1519964259472;78;670;1860,93
1519964260735;78;750;1861,6
1519964260858;79;690;1862,35
1519964261345;79;650;1863,04
1519964262245;78;510;1863,69
1519964263146;79;960;1864,2
1519964264051;78;890;1865,16
1519964264850;78;850;1866,05
1519964265657;77;830;1866,9
1519964266456;76;810;1867,73
1519964267256;76;790;1868,54
1519964268057;75;810;1869,33
1519964268959;75;810;1870,14
1519964269761;75;840;1870,95
1519964270666;74;890;1871,79
1519964271564;74;880;1872,68
1519964272466;73;860;1873,56
1519964273266;73;880;1874,42
1519964274170;72;850;1875,3
1519964275042;72;840;1876,15
1519964275770;71;840;1876,99
1519964276675;71;830;1877,83
1519964277475;71;820;1878,66
1519964278279;71;830;1879,48
1519964279180;71;850;1880,31
1519964279994;71;830;1881,16
1519964280883;71;860;1881,99
1519964281686;71;850;1882,85
1519964282485;71;830;1883,7
1519964283389;71;850;1884,53
1519964284289;71;860;1885,38
1519964285191;71;850;1886,24
1519964286095;71;900;1887,09
1519964287008;70;930;1887,99
1519964287795;70;880;1888,92
1519964288700;70;870;1889,8
1519964289499;69;850;1890,67
1519964290414;70;790;1891,52
1519964291103;70;790;1892,31
1519964292006;70;800;1893,1
1519964292807;70;900;1893,9
1519964293707;71;810;1894,8
1519964294610;71;910;1895,61
1519964295615;70;900;1896,52
1519964296313;70;950;1897,42
1519964297215;70;810;1898,37
1519964298633;70;1180;1899,18
1519964300220;71;1670;1900,36
1519964300923;71;1030;1902,03
1519964302525;73;1150;1903,06
1519964303528;73;1090;1904,21
1519964303928;73;880;1905,3
1519964305629;74;1460;1906,18
1519964306333;74;740;1907,64
1519964307220;75;730;1908,38
1519964307939;76;700;1909,11
1519964309339;75;870;1909,81
1519964310050;75;1390;1910,68
1519964310845;76;790;1912,07
1519964311648;76;810;1912,86
1519964312447;77;790;1913,67
1519964313248;77;790;1914,46
1519964314050;77;800;1915,25
1519964314853;77;780;1916,05
1519964315653;77;800;1916,83
1519964316454;76;790;1917,63
1519964317256;76;790;1918,42
1519964318059;76;810;1919,21
1519964318861;76;790;1920,02
1519964319660;76;800;1920,81
1519964320463;76;810;1921,61
1519964321269;75;820;1922,42
1519964322265;75;820;1923,24
1519964322873;75;970;1924,06
1519964323669;75;590;1925,03
1519964324472;75;830;1925,62
1519964325173;75;770;1926,45
1519964325976;75;760;1927,22
1519964326780;75;760;1927,98
1519964327634;76;800;1928,74
1519964328479;76;810;1929,54
1519964329280;75;850;1930,35
1519964330083;75;840;1931,2
1519964330883;75;810;1932,04
1519964331686;75;820;1932,85
1519964332486;75;780;1933,67
1519964333189;75;770;1934,45
1519964333991;75;760;1935,22
1519964334792;75;770;1935,98
1519964335593;75;780;1936,75
1519964336835;75;840;1937,53
1519964337295;75;850;1938,37
1519964338301;74;840;1939,22
1519964339302;74;890;1940,06
1519964339900;74;1090;1940,95
1519964340751;74;590;1942,04
1519964341504;74;780;1942,63
1519964342407;74;750;1943,41
1519964343313;73;1000;1944,16
1519964344109;73;830;1945,16
1519964344913;72;840;1945,99
1519964345714;72;810;1946,83
1519964346616;72;830;1947,64
1519964347417;72;830;1948,47
1519964348319;72;840;1949,3
1519964349224;72;850;1950,14
1519964350125;71;910;1950,99
1519964350925;71;880;1951,9
1519964351925;71;900;1952,78
1519964352729;70;900;1953,68
1519964353530;70;830;1954,58
1519964354333;70;850;1955,41
1519964355134;70;810;1956,26
1519964356037;70;800;1957,07
1519964356835;70;810;1957,87
1519964357739;71;880;1958,68
1519964358640;70;900;1959,56
1519964359541;70;880;1960,46
1519964360444;70;900;1961,34
1519964361346;70;880;1962,24
1519964362147;69;860;1963,12
1519964362947;69;840;1963,98
1519964363749;69;830;1964,82
1519964364564;70;800;1965,65
1519964365353;70;810;1966,45
1519964366399;71;800;1967,26
1519964367057;71;820;1968,06
1519964367966;71;850;1968,88
1519964368859;71;900;1969,73
1519964369760;71;880;1970,63
1519964370564;70;880;1971,51
1519964371464;70;880;1972,39
1519964372270;70;850;1973,27
1519964373169;70;840;1974,12
1519964374170;70;880;1974,96
1519964375072;69;950;1975,84
1519964376073;69;950;1976,79
1519964377576;68;1500;1977,74
1519964379579;69;1620;1979,24
1519964380381;68;1350;1980,86
1519964381183;68;780;1982,21
1519964382198;68;820;1982,99
1519964382784;68;760;1983,81
1519964383588;68;830;1984,57
1519964384388;68;860;1985,4
1519964385191;69;770;1986,26
1519964386193;70;830;1987,03
1519964387623;70;860;1987,86
1519964388297;70;1500;1988,72
1519964389098;70;740;1990,22
1519964389901;71;770;1990,96
1519964390602;72;800;1991,73
1519964391406;72;750;1992,53
1519964392207;73;780;1993,28
1519964392907;74;750;1994,06
1519964393710;75;760;1994,81
1519964394509;75;750;1995,57
1519964395215;76;780;1996,32
1519964396120;76;780;1997,1
1519964397011;76;820;1997,88
1519964397543;76;770;1998,7
1519964398556;77;660;1999,47
1519964399250;77;950;2000,13
1519964400046;76;750;2001,08
1519964401154;76;810;2001,83
1519964402595;76;1600;2002,64
1519964404357;75;1840;2004,24
1519964405257;75;850;2006,08
1519964406071;74;870;2006,93
1519964406773;74;800;2007,8
1519964407473;74;770;2008,6
1519964408178;75;710;2009,37
1519964409576;76;1410;2010,08
1519964410282;77;660;2011,49
1519964411144;77;530;2012,15
1519964411870;77;770;2012,68
1519964413074;77;1030;2013,45
1519964414284;76;1140;2014,48
1519964414788;76;1140;2015,62
1519964415591;76;560;2016,76
1519964416594;76;800;2017,32
1519964417518;75;1050;2018,12
1519964418393;74;870;2019,17
1519964419303;73;880;2020,04
1519964420200;73;860;2020,92
1519964420972;72;860;2021,78
1519964421607;73;690;2022,64
1519964422400;73;780;2023,33
1519964423185;74;800;2024,11
1519964424098;75;840;2024,91
1519964424906;75;870;2025,75
1519964425700;74;800;2026,62
1519964426395;74;810;2027,42
1519964427114;74;730;2028,23
1519964427917;74;710;2028,96
1519964428611;75;720;2029,67
1519964429416;76;750;2030,39
1519964430319;76;820;2031,14
1519964431020;76;820;2031,96
1519964431818;76;770;2032,78
1519964432634;76;820;2033,55
1519964433516;76;780;2034,37
1519964434439;75;870;2035,15
1519964435333;75;900;2036,02
1519964436126;74;880;2036,92
1519964436833;74;790;2037,8
1519964437530;74;760;2038,59
1519964438220;75;720;2039,35
1519964438836;75;650;2040,07
1519964439536;76;650;2040,72
1519964440439;76;670;2041,37
1519964441048;76;840;2042,04
1519964442548;75;1110;2042,88
1519964443352;75;1010;2043,99
1519964444248;75;860;2045
1519964445252;74;900;2045,86
1519964446258;72;1000;2046,76
1519964447170;72;980;2047,76
1519964448752;73;920;2048,74
1519964449356;72;1460;2049,66
1519964450258;72;760;2051,12
1519964450955;74;850;2051,88
1519964451555;74;670;2052,73
1519964452366;75;680;2053,4
1519964452973;75;710;2054,08
1519964453667;76;670;2054,79
1519964454367;77;660;2055,46
1519964455170;78;740;2056,12
1519964455971;78;780;2056,86
1519964456677;78;750;2057,64
1519964457472;79;770;2058,39
1519964458185;78;710;2059,16
1519964458884;78;780;2059,87
1519964459582;79;680;2060,65
1519964460187;80;680;2061,33
1519964460885;80;650;2062,01
1519964461584;81;710;2062,66
1519964462298;81;690;2063,37
1519964462884;82;660;2064,06
1519964463568;83;650;2064,72
1519964464294;83;660;2065,37
1519964465004;84;720;2066,03
1519964466195;83;970;2066,75
1519964467096;83;750;2067,72
1519964467993;83;1050;2068,47
1519964468901;82;890;2069,52
1519964469903;81;950;2070,41
1519964470701;81;920;2071,36
1519964471503;80;860;2072,28
1519964472301;79;800;2073,14
1519964473099;78;820;2073,94
1519964473904;78;760;2074,76
1519964474612;78;760;2075,52
1519964475410;78;760;2076,28
1519964476209;78;760;2077,04
1519964477215;78;780;2077,8
1519964478208;77;1040;2078,58
1519964479120;77;990;2079,62
1519964479926;77;890;2080,61
1519964480825;76;680;2081,5
1519964481618;76;1010;2082,18
1519964482529;74;850;2083,19
1519964483341;74;850;2084,04
1519964484128;72;840;2084,89
1519964485026;72;850;2085,73
1519964486021;71;890;2086,58
1519964486931;71;970;2087,47
1519964487837;70;910;2088,44
1519964488738;69;870;2089,35
1519964489549;69;880;2090,22
1519964490437;69;860;2091,1
1519964491243;69;860;2091,96
1519964492045;70;790;2092,82
1519964492916;70;780;2093,61
1519964493559;70;790;2094,39
1519964494246;70;820;2095,18
1519964495151;71;600;2096
1519964495957;71;990;2096,6
1519964496854;72;700;2097,59
1519964497456;72;770;2098,29
1519964498455;72;780;2099,06
1519964499158;72;920;2099,84
1519964500268;72;770;2100,76
1519964501054;71;1160;2101,53
1519964501969;71;780;2102,69
1519964502936;71;870;2103,47
1519964503768;70;900;2104,34
1519964504670;70;920;2105,24
1519964505574;69;920;2106,16
1519964506486;69;880;2107,08
1519964507177;69;830;2107,96
1519964507879;70;770;2108,79
1519964508589;70;710;2109,56
1519964509281;71;680;2110,27
1519964509993;71;680;2110,95
1519964510692;71;700;2111,63
1519964511492;72;750;2112,33
1519964512288;72;800;2113,08
1519964513100;73;780;2113,88
1519964513984;73;790;2114,66
1519964514784;74;840;2115,45
1519964515788;73;870;2116,29
1519964516499;73;940;2117,16
1519964517777;73;570;2118,1
1519964517993;73;1020;2118,67
1519964519100;73;720;2119,69
1519964519499;73;730;2120,41
1519964520301;74;710;2121,14
1519964521115;74;760;2121,85
1519964522605;75;780;2122,61
1519964523908;75;1500;2123,39
1519964524611;76;1380;2124,89
1519964525318;76;630;2126,27
1519964526009;77;730;2126,9
1519964526713;78;680;2127,63
1519964527513;78;710;2128,31
1519964528304;79;790;2129,02
1519964529223;78;850;2129,81
1519964530121;78;870;2130,66
1519964530924;77;900;2131,53
1519964531826;76;680;2132,43
1519964532548;76;980;2133,11
1519964533332;76;780;2134,09
1519964534129;75;770;2134,87
1519964534919;76;780;2135,64
1519964535733;75;790;2136,42
1519964536540;75;800;2137,21
1519964537436;75;830;2138,01
1519964538231;75;850;2138,84
1519964539137;74;870;2139,69
1519964539941;74;840;2140,56
1519964540838;74;840;2141,4
1519964541649;73;850;2142,24
1519964542456;73;820;2143,09
1519964543252;73;840;2143,91
1519964544150;73;810;2144,75
1519964544965;72;850;2145,56
1519964545866;72;840;2146,41
1519964546734;72;840;2147,25
1519964547768;72;840;2148,09
1519964548372;72;830;2148,93
1519964549274;72;860;2149,76
1519964550067;71;890;2150,62
1519964550993;71;830;2151,51
1519964551765;71;840;2152,34
1519964552573;71;850;2153,18
1519964553475;71;830;2154,03
1519964554283;71;840;2154,86
1519964555078;71;820;2155,7
1519964555873;71;790;2156,52
1519964556672;71;810;2157,31
1519964557485;72;830;2158,12
1519964558373;72;810;2158,95
1519964559276;72;860;2159,76
1519964560080;72;860;2160,62
1519964560887;72;850;2161,48
1519964562016;71;810;2162,33
1519964562491;72;810;2163,14
1519964563389;72;830;2163,95
1519964564992;72;1190;2164,78
1519964565798;72;1260;2165,97
1519964566695;73;840;2167,23
1519964567595;73;830;2168,07
1519964568394;72;870;2168,9
1519964569213;72;850;2169,77
1519964569908;72;790;2170,62
1519964570711;72;730;2171,41
1519964571511;73;760;2172,14
1519964572409;73;850;2172,9
1519964573311;73;890;2173,75
1519964574316;72;920;2174,64
1519964575210;72;930;2175,56
1519964576023;72;900;2176,49
1519964576916;71;870;2177,39
1519964577809;71;870;2178,26
1519964578618;70;930;2179,13
1519964579413;70;750;2180,06
1519964580024;71;830;2180,81
1519964581521;71;900;2181,64
1519964582731;71;1170;2182,54
1519964583734;71;1250;2183,71
1519964584430;70;900;2184,96
1519964585437;71;880;2185,86
1519964586231;70;890;2186,74
1519964587141;70;850;2187,63
1519964587941;70;800;2188,48
1519964588743;70;810;2189,28
1519964589545;71;800;2190,09
1519964590345;71;810;2190,89
1519964591133;72;790;2191,7
1519964591948;72;800;2192,49
1519964592751;72;800;2193,29
1519964593551;73;810;2194,09
1519964594450;73;820;2194,9
1519964595354;73;870;2195,72
1519964596247;72;910;2196,59
1519964597160;72;890;2197,5
1519964597961;72;910;2198,39
1519964598860;71;870;2199,3
1519964599664;71;840;2200,17
1519964600558;71;850;2201,01
1519964601465;70;880;2201,86
1519964602368;70;870;2202,74
1519964603173;70;860;2203,61
1519964603971;70;830;2204,47
1519964604667;70;790;2205,3
1519964605471;71;790;2206,09
1519964606332;71;790;2206,88
1519964607170;71;810;2207,67
1519964607981;72;820;2208,48
1519964608999;72;880;2209,3
1519964609879;71;940;2210,18
1519964610786;71;930;2211,12
1519964611688;70;880;2212,05
1519964612483;70;870;2212,93
1519964613304;70;820;2213,8
1519964614089;70;790;2214,62
1519964614888;70;800;2215,41
1519964615694;71;830;2216,21
1519964616602;71;820;2217,04
1519964617411;71;840;2217,86
1519964618304;71;860;2218,7
1519964619397;71;880;2219,56
1519964619997;71;860;2220,44
1519964620908;71;910;2221,3
1519964621715;71;800;2222,21
1519964622403;71;790;2223,01
1519964623214;72;690;2223,8
1519964624029;72;860;2224,49
1519964624908;72;790;2225,35
1519964625934;72;940;2226,14
1519964626815;71;930;2227,08
1519964628814;71;1550;2228,01
1519964629731;70;1310;2229,56
1519964630625;70;920;2230,87
1519964631433;69;880;2231,79
1519964632233;69;840;2232,67
1519964633163;70;860;2233,51
1519964634035;69;840;2234,37
1519964634629;69;870;2235,21
1519964635435;69;740;2236,08
1519964636734;69;760;2236,82
1519964637266;69;1160;2237,58
1519964638341;69;990;2238,74
1519964639137;70;730;2239,73
1519964639935;71;740;2240,46
1519964640745;71;840;2241,2
1519964641650;72;790;2242,04
1519964642446;72;850;2242,83
1519964643645;72;910;2243,68
1519964645263;71;1620;2244,59
1519964646458;72;1080;2246,21
1519964647257;73;1240;2247,29
1519964647957;73;770;2248,53
1519964648757;73;780;2249,3
1519964649671;74;800;2250,08
1519964650567;74;840;2250,88
1519964651359;73;870;2251,72
1519964652268;73;870;2252,59
1519964653060;72;860;2253,46
1519964653878;72;840;2254,32
1519964654765;72;820;2255,16
1519964655570;72;820;2255,98
1519964656379;72;830;2256,8
1519964657176;72;800;2257,63
1519964658178;72;790;2258,43
1519964659750;73;1390;2259,22
1519964660685;72;1080;2260,61
1519964661188;72;850;2261,69
1519964662004;72;740;2262,54
1519964662690;72;750;2263,28
1519964665087;72;1650;2264,03
1519964665905;72;1440;2265,68
1519964666695;72;800;2267,12
1519964667503;72;790;2267,92
1519964668297;72;780;2268,71
1519964669292;72;1200;2269,49
1519964669805;72;590;2270,69
1519964670501;72;610;2271,28
1519964671312;72;650;2271,89
1519964672105;71;780;2272,54
1519964672912;71;770;2273,32
1519964673926;71;860;2274,09
1519964674813;70;980;2274,95
1519964675721;69;890;2275,93
1519964676612;69;920;2276,82
1519964677522;68;910;2277,74
1519964678409;68;880;2278,65
1519964679427;68;880;2279,53
1519964680118;68;960;2280,41
1519964680921;68;730;2281,37
1519964681828;68;710;2282,1
1519964683931;69;2190;2282,81
1519964685334;71;1430;2285
1519964686129;71;830;2286,43
1519964686831;71;820;2287,26
1519964687548;73;740;2288,08
1519964689038;74;1230;2288,82
1519964690444;74;1340;2290,05
1519964691234;75;930;2291,39
1519964691639;75;840;2292,32
1519964693864;73;930;2293,16
1519964695042;73;1750;2294,09
1519964695845;72;1160;2295,84
1519964696768;71;880;2297
1519964697550;71;820;2297,88
1519964698249;71;810;2298,7
1519964698953;71;730;2299,51
1519964699679;72;710;2300,24
1519964700566;73;710;2300,95
1519964701263;73;770;2301,66
1519964702429;74;780;2302,43
1519964702871;74;780;2303,21
1519964703668;75;810;2303,99
1519964704464;75;840;2304,8
1519964705265;75;800;2305,64
1519964706090;75;800;2306,44
1519964706775;75;760;2307,24
1519964707578;75;740;2308
1519964708271;76;740;2308,74
1519964709075;76;740;2309,48
1519964709785;76;790;2310,22
1519964710582;77;720;2311,01
1519964711283;77;760;2311,73
1519964712112;77;790;2312,49
1519964712888;77;760;2313,28
1519964713707;78;750;2314,04
1519964714494;78;770;2314,79
1519964715280;78;860;2315,56
1519964716205;77;860;2316,42
1519964717152;77;840;2317,28
1519964717905;76;800;2318,12
1519964718607;76;840;2318,92
1519964719394;76;830;2319,76
1519964720189;75;760;2320,59
1519964721009;75;790;2321,35
1519964721809;75;800;2322,14
1519964722602;75;790;2322,94
1519964723421;75;790;2323,73
1519964724208;75;810;2324,52
1519964725110;75;810;2325,33
1519964725903;75;850;2326,14
1519964726700;75;820;2326,99
1519964727621;74;820;2327,81
1519964728547;74;900;2328,63
1519964729423;73;890;2329,53
1519964730232;73;860;2330,42
1519964731010;73;850;2331,28
1519964732008;72;820;2332,13
1519964732618;72;810;2332,95
1519964733458;73;760;2333,76
1519964734227;73;780;2334,52
1519964735036;73;780;2335,3
1519964735935;73;850;2336,08
1519964736724;73;900;2336,93
1519964737527;73;840;2337,83
1519964738344;73;780;2338,67
1519964739056;73;720;2339,45
1519964739830;73;800;2340,17
1519964740735;74;780;2340,97
1519964741543;74;830;2341,75
1519964742443;74;840;2342,58
1519964743351;73;890;2343,42
1519964744251;73;890;2344,31
1519964745146;72;930;2345,2
1519964746053;72;890;2346,13
1519964746948;71;900;2347,02
1519964747773;71;860;2347,92
1519964748551;71;850;2348,78
1519964749348;71;780;2349,63
1519964750162;71;810;2350,41
1519964750959;71;860;2351,22
1519964751863;72;800;2352,08
1519964752668;72;810;2352,88
1519964753472;72;820;2353,69
1519964754267;72;810;2354,51
1519964755065;72;810;2355,32
1519964755900;73;780;2356,13
1519964756572;73;790;2356,91
1519964757377;73;780;2357,7
1519964758180;73;800;2358,48
1519964758981;74;780;2359,28
1519964759778;74;790;2360,06
1519964760590;74;810;2360,85
1519964761563;74;810;2361,66
1519964762210;74;780;2362,47
1519964762995;74;790;2363,25
1519964763785;75;790;2364,04
1519964764688;75;840;2364,83
1519964765589;74;880;2365,67
1519964766496;74;890;2366,55
1519964767293;73;860;2367,44
1519964768102;73;840;2368,3
1519964768909;73;820;2369,14
1519964769811;73;810;2369,96
1519964770611;73;830;2370,77
1519964771407;72;840;2371,6
1519964772303;72;840;2372,44
1519964773117;72;820;2373,28
1519964773916;72;820;2374,1
1519964774814;72;840;2374,92
1519964775885;72;850;2375,76
1519964776621;72;900;2376,61
1519964777528;71;940;2377,51
1519964778421;71;890;2378,45
1519964779318;70;890;2379,34
1519964780132;70;870;2380,23
1519964781029;70;830;2381,1
1519964781829;70;860;2381,93
1519964782738;69;880;2382,79
1519964783728;69;890;2383,67
1519964784627;69;920;2384,56
1519964785432;68;910;2385,48
1519964786328;68;870;2386,39
1519964787138;68;860;2387,26
1519964787961;68;810;2388,12
1519964788656;68;790;2388,93
1519964789455;69;750;2389,72
1519964790365;69;780;2390,47
1519964791184;70;830;2391,25
1519964792043;70;870;2392,08
1519964792960;70;900;2392,95
1519964793857;69;920;2393,85
1519964794766;69;870;2394,77
1519964795653;69;880;2395,64
1519964796458;69;880;2396,52
1519964797159;69;810;2397,4
1519964797970;70;770;2398,21
1519964798663;70;740;2398,98
1519964799364;70;720;2399,72
1519964800170;71;740;2400,44
1519964800870;71;730;2401,18
1519964801673;72;760;2401,91
1519964802469;72;800;2402,67
1519964803272;73;790;2403,47
1519964803998;74;740;2404,26
1519964804677;75;700;2405
1519964805822;75;730;2405,7
1519964806282;76;760;2406,43
1519964807385;76;880;2407,19
1519964808400;75;1070;2408,07
1519964809291;75;950;2409,14
1519964810310;74;950;2410,09
1519964811290;73;1010;2411,04
1519964812084;73;990;2412,05
1519964812892;72;830;2413,04
1519964813702;72;810;2413,87
1519964814405;73;760;2414,68
1519964815101;74;720;2415,44
1519964815803;75;700;2416,16
1519964816497;76;690;2416,86
1519964817206;76;690;2417,55
1519964817902;77;710;2418,24
1519964818726;78;720;2418,95
1519964819312;79;720;2419,67
1519964820022;79;680;2420,39
1519964820728;80;690;2421,07
1519964821509;81;710;2421,76
1519964822318;81;760;2422,47
1519964823232;81;840;2423,23
1519964824117;80;870;2424,07
1519964824917;79;910;2424,94
1519964825983;79;810;2425,85
1519964826427;79;790;2426,66
1519964827227;79;760;2427,45
1519964827920;79;690;2428,21
1519964828619;80;710;2428,9
1519964829222;80;730;2429,61
1519964830232;81;560;2430,34
1519964830532;81;890;2430,9
1519964831325;81;490;2431,79
1519964832128;81;770;2432,28
1519964832839;81;760;2433,05
1519964833537;82;670;2433,81
1519964834247;82;760;2434,48
1519964834939;82;710;2435,24
1519964835641;83;660;2435,95
1519964836347;83;690;2436,61
1519964837049;83;700;2437,3
1519964837910;84;730;2438
1519964838641;83;760;2438,73
1519964839455;83;800;2439,49
1519964840765;82;880;2440,29
1519964841357;82;920;2441,17
1519964842257;82;950;2442,09
1519964843151;81;920;2443,04
1519964844063;80;880;2443,96
1519964844859;80;870;2444,84
1519964845660;79;830;2445,71
1519964846468;78;810;2446,54
1519964847263;74;800;2447,35
1519964848095;74;810;2448,15
1519964848978;73;820;2448,96
1519964849873;73;860;2449,78
1519964850672;73;850;2450,64
1519964851585;72;880;2451,49
1519964852471;72;880;2452,37
1519964853271;71;860;2453,25
1519964854175;71;860;2454,11
1519964855035;71;860;2454,97
1519964855893;70;840;2455,83
1519964856703;70;840;2456,67
1519964857846;70;860;2457,51
1519964858507;71;740;2458,37
1519964859708;71;990;2459,11
1519964860804;71;1610;2460,1
1519964861510;71;750;2461,71
1519964862318;72;710;2462,46
1519964863016;72;740;2463,17
1519964863817;73;760;2463,91
1519964864522;74;740;2464,67
1519964865320;74;750;2465,41
1519964866025;75;740;2466,16
1519964866723;76;730;2466,9
1519964867422;77;720;2467,63
1519964868219;77;720;2468,35
1519964869038;78;720;2469,07
1519964869778;78;790;2469,79
1519964870537;78;780;2470,58
1519964871336;78;770;2471,36
1519964872032;78;760;2472,13
1519964872848;78;730;2472,89
1519964873534;78;760;2473,62
1519964874230;78;770;2474,38
1519964874936;79;650;2475,15
1519964875737;79;740;2475,8
1519964876541;79;750;2476,54
1519964877351;79;840;2477,29
1519964878146;79;810;2478,13
1519964878942;78;800;2478,94
1519964879760;78;790;2479,74
1519964880541;78;790;2480,53
1519964881363;77;820;2481,32
1519964882261;77;830;2482,14
1519964882954;77;830;2482,97
1519964883751;76;740;2483,8
1519964884551;76;760;2484,54
1519964885355;76;790;2485,3
1519964886057;76;800;2486,09
1519964886915;76;750;2486,89
1519964887560;77;750;2487,64
1519964888265;77;730;2488,39
1519964888964;77;730;2489,12
1519964889765;78;720;2489,85
1519964890464;78;730;2490,57
1519964891169;79;720;2491,3
1519964891876;79;720;2492,02
1519964892580;80;700;2492,74
1519964893279;80;710;2493,44
1519964894068;80;730;2494,15
1519964894978;80;780;2494,88
1519964895782;80;840;2495,66
1519964896676;79;840;2496,5
1519964897478;79;850;2497,34
1519964898284;78;860;2498,19
1519964899081;78;820;2499,05
1519964899883;77;800;2499,87
1519964900789;77;800;2500,67
1519964901730;76;840;2501,47
1519964902588;75;880;2502,31
1519964903500;75;890;2503,19
1519964904448;74;960;2504,08
1519964905298;73;940;2505,04
1519964906097;73;800;2505,98
1519964907001;73;870;2506,78
1519964907805;72;830;2507,65
1519964908518;72;820;2508,48
1519964909308;72;770;2509,3
1519964910204;72;790;2510,07
1519964911106;73;830;2510,86
1519964912084;72;960;2511,69
1519964913019;71;900;2512,65
1519964913914;71;940;2513,55
1519964914820;70;940;2514,49
1519964915713;70;900;2515,43
1519964916919;70;890;2516,33
1519964917418;68;870;2517,22
1519964918226;68;840;2518,09
1519964919120;68;840;2518,93
1519964919928;68;850;2519,77
1519964920838;69;860;2520,62
1519964921730;69;830;2521,48
1519964922537;69;910;2522,31
1519964923438;69;840;2523,22
1519964924244;69;850;2524,06
1519964925138;69;860;2524,91
1519964926043;69;890;2525,77
1519964926954;69;870;2526,66
1519964927739;69;860;2527,53
1519964928551;69;860;2528,39
1519964929251;69;830;2529,25
1519964930149;70;670;2530,08
1519964930947;70;900;2530,75
1519964931810;71;770;2531,65
1519964932556;71;750;2532,42
1519964933468;71;840;2533,17
1519964934358;71;910;2534,01
1519964935270;71;890;2534,92
1519964936075;71;890;2535,81
1519964936956;70;880;2536,7
1519964937759;70;830;2537,58
1519964938567;70;800;2538,41
1519964939366;71;790;2539,21
1519964940168;71;790;2540
1519964940970;71;810;2540,79
1519964941769;72;830;2541,6
1519964942679;72;840;2542,43
1519964943576;72;870;2543,27
1519964944388;71;880;2544,14
1519964945282;71;850;2545,02
1519964946110;71;820;2545,87
1519964946880;71;800;2546,69
1519964947580;72;780;2547,49
1519964948298;72;730;2548,27
1519964948986;73;710;2549
1519964949938;73;710;2549,71
1519964950392;73;630;2550,42
1519964951105;73;780;2551,05
1519964951894;74;730;2551,83
1519964952700;74;810;2552,56
1519964953508;75;570;2553,37
1519964954307;75;980;2553,94
1519964955105;75;830;2554,92
1519964955906;75;790;2555,75
1519964956803;74;830;2556,54
1519964957727;74;890;2557,37
1519964958515;73;810;2558,26
1519964959319;73;860;2559,07
1519964960013;73;760;2559,93
1519964960810;73;750;2560,69
1519964961517;74;750;2561,44
1519964962324;74;750;2562,19
1519964963018;75;750;2562,94
1519964963839;75;750;2563,69
1519964964758;76;780;2564,44
1519964965532;76;820;2565,22
1519964966435;75;860;2566,04
1519964967338;75;890;2566,9
1519964968129;74;900;2567,79
1519964968934;74;860;2568,69
1519964969833;74;810;2569,55
1519964970912;73;850;2570,36
1519964971340;73;820;2571,21
1519964972148;73;750;2572,03
1519964972936;74;720;2572,78
1519964973949;74;820;2573,5
1519964975041;73;1050;2574,32
1519964976049;73;1080;2575,37
1519964977045;73;1030;2576,45
1519964978045;72;980;2577,48
1519964978994;72;960;2578,46
1519964979852;71;930;2579,42
1519964980663;68;880;2580,35
1519964981459;67;840;2581,23
1519964982366;68;810;2582,07
1519964983167;68;810;2582,88
1519964984060;69;860;2583,69
1519964984861;69;870;2584,55
1519964985766;69;860;2585,42
1519964986569;69;860;2586,28
1519964987514;69;840;2587,14
1519964988267;69;810;2587,98
1519964989067;70;830;2588,79
1519964989975;70;830;2589,62
1519964990774;70;850;2590,45
1519964991475;70;840;2591,3
1519964992276;70;770;2592,14
1519964992986;71;700;2592,91
1519964993682;71;730;2593,61
1519964994483;71;730;2594,34
1519964995283;72;780;2595,07
1519964996185;72;820;2595,85
1519964996998;73;820;2596,67
1519964997793;73;820;2597,49
1519964998690;73;850;2598,31
1519964999491;72;850;2599,16
1519965000293;72;860;2600,01
1519965001097;73;800;2600,87
1519965001791;73;750;2601,67
1519965002495;73;710;2602,42
1519965003298;74;720;2603,13
1519965004107;74;750;2603,85
1519965004901;75;810;2604,6
1519965005717;75;830;2605,41
1519965006520;75;780;2606,24
1519965007108;75;760;2607,02
1519965007930;76;700;2607,78
1519965008619;76;730;2608,48
1519965009308;77;750;2609,21
1519965010256;77;720;2609,96
1519965010917;78;790;2610,68
1519965011723;78;760;2611,47
1519965012416;78;770;2612,23
1519965013123;78;760;2613
1519965013919;78;730;2613,76
1519965014628;78;730;2614,49
1519965015430;79;730;2615,22
1519965016131;79;740;2615,95
1519965016924;79;740;2616,69
1519965017633;79;780;2617,43
1519965018435;79;760;2618,21
1519965019262;79;760;2618,97
1519965019960;79;760;2619,73
1519965020737;79;780;2620,49
1519965021539;79;780;2621,27
1519965022350;79;790;2622,05
1519965023141;78;780;2622,84
1519965023974;78;790;2623,62
1519965024663;78;750;2624,41
1519965025455;78;770;2625,16
1519965026269;77;780;2625,93
1519965027106;77;830;2626,71
1519965027949;77;800;2627,54
1519965028753;77;920;2628,34
1519965029550;76;800;2629,26
1519965030364;76;770;2630,06
1519965031060;76;760;2630,83
1519965031857;76;760;2631,59
1519965032661;76;790;2632,35
1519965033557;76;810;2633,14
1519965034362;76;850;2633,95
1519965035274;75;830;2634,8
1519965036076;75;860;2635,63
1519965036968;74;880;2636,49
1519965037665;74;860;2637,37
1519965038715;74;750;2638,23
1519965039282;74;780;2638,98
1519965039984;74;760;2639,76
1519965040885;75;750;2640,52
1519965041783;75;840;2641,27
1519965042778;74;970;2642,11
1519965043689;74;970;2643,08
1519965044598;73;930;2644,05
1519965045501;73;900;2644,98
1519965046300;72;850;2645,88
1519965047008;72;790;2646,73
1519965047702;73;720;2647,52
1519965048394;74;680;2648,24
1519965049113;75;680;2648,92
1519965049798;75;710;2649,6
1519965050596;76;730;2650,31
1519965051599;76;820;2651,04
1519965052601;75;990;2651,86
1519965053599;74;1000;2652,85
1519965054604;74;1000;2653,85
1519965055507;73;950;2654,85
1519965056410;72;890;2655,8
1519965057209;69;900;2656,69
1519965058011;69;820;2657,59
1519965058713;70;780;2658,41
1519965059420;71;730;2659,19
1519965060128;71;710;2659,92
1519965060926;72;720;2660,63
1519965061628;73;760;2661,35
1519965062419;74;720;2662,11
1519965063221;74;780;2662,83
1519965064138;74;830;2663,61
1519965065025;74;890;2664,44
1519965065939;73;890;2665,33
1519965066730;73;890;2666,22
1519965067535;72;820;2667,11
1519965068294;72;800;2667,93
1519965068941;73;730;2668,73
1519965069742;74;690;2669,46
1519965070440;74;730;2670,15
1519965071358;75;760;2670,88
1519965072240;75;870;2671,64
1519965073307;74;920;2672,51
1519965074951;75;1280;2673,43
1519965075854;75;1420;2674,71
1519965076654;75;880;2676,13
1519965077454;75;820;2677,01
1519965078252;75;800;2677,83
1519965079049;74;800;2678,63
1519965079771;74;760;2679,43
1519965080559;75;770;2680,19
1519965081389;75;780;2680,96
1519965082158;75;780;2681,74
1519965082861;75;820;2682,52
1519965083666;75;740;2683,34
1519965084375;76;770;2684,08
1519965085175;76;730;2684,85
1519965085868;76;710;2685,58
1519965086573;77;740;2686,29
1519965087285;77;710;2687,03
1519965087974;78;700;2687,74
1519965088802;79;670;2688,44
1519965089378;79;700;2689,11
1519965090077;79;690;2689,81
1519965090787;80;720;2690,5
1519965091478;81;690;2691,22
1519965092284;81;740;2691,91
1519965093101;81;740;2692,65
1519965093701;80;770;2693,39
1519965094482;81;720;2694,16
1519965095190;81;710;2694,88
1519965095788;82;700;2695,59
1519965096534;82;700;2696,29
1519965097197;82;680;2696,99
1519965097897;83;690;2697,67
1519965098598;83;680;2698,36
1519965099395;84;710;2699,04
1519965100102;84;740;2699,75
1519965101001;83;770;2700,49
1519965102005;83;870;2701,26
1519965102905;83;950;2702,13
1519965103800;83;920;2703,08
1519965104707;82;920;2704
1519965105513;82;890;2704,92
1519965106313;81;840;2705,81
1519965107115;80;820;2706,65
1519965107919;79;790;2707,47
1519965108826;78;810;2708,26
1519965109824;77;890;2709,07
1519965110724;76;960;2709,96
1519965111726;71;940;2710,92
1519965112727;69;970;2711,86
1519965113532;68;970;2712,83
1519965114432;67;880;2713,8
1519965115242;67;830;2714,68
1519965116039;68;810;2715,51
1519965116832;69;800;2716,32
1519965117641;69;780;2717,12
1519965118454;70;780;2717,9
1519965119236;71;820;2718,68
1519965120251;71;830;2719,5
1519965121849;71;1280;2720,33
1519965122649;71;1300;2721,61
1519965123460;71;820;2722,91
1519965124359;71;820;2723,73
1519965125150;71;850;2724,55
1519965125956;72;800;2725,4
1519965126657;72;790;2726,2
1519965127569;72;780;2726,99
1519965128359;72;820;2727,77
1519965129255;73;850;2728,59
1519965130064;72;870;2729,44
1519965130966;72;870;2730,31
1519965131763;72;850;2731,18
1519965132642;72;800;2732,03
1519965133368;72;810;2732,83
1519965134280;72;830;2733,64
1519965135081;72;820;2734,47
1519965135983;72;840;2735,29
1519965136892;72;890;2736,13
1519965137575;72;840;2737,02
1519965138480;71;830;2737,86
1519965139376;72;850;2738,69
1519965140182;71;870;2739,54
1519965141081;71;840;2740,41
1519965141903;71;840;2741,25
1519965142701;71;830;2742,09
1519965143522;71;790;2742,92
1519965144295;71;800;2743,71
1519965145125;72;840;2744,51
1519965145910;72;800;2745,35
1519965146799;72;760;2746,15
1519965147967;72;890;2746,91
1519965148597;72;930;2747,8
1519965149505;72;870;2748,73
1519965150310;71;890;2749,6
1519965151221;71;850;2750,49
1519965151906;70;820;2751,34
1519965152712;71;790;2752,16
1519965153522;71;780;2752,95
1519965154204;72;770;2753,73
1519965154923;72;720;2754,5
1519965155731;73;720;2755,22
1519965156523;74;770;2755,94
1519965157417;74;790;2756,71
1519965158219;74;880;2757,5
1519965159024;74;850;2758,38
1519965159926;73;850;2759,23
1519965160722;73;820;2760,08
1519965161555;72;860;2760,9
1519965162223;73;740;2761,76
1519965163029;73;750;2762,5
1519965163840;74;760;2763,25
1519965164633;74;810;2764,01
1519965165538;74;850;2764,82
1519965166348;74;820;2765,67
1519965167338;74;860;2766,49
1519965168341;73;930;2767,35
1519965169355;73;1000;2768,28
1519965170240;72;1000;2769,28
1519965171151;72;970;2770,28
1519965172047;71;930;2771,25
1519965172949;71;890;2772,18
1519965173848;70;870;2773,07
1519965174861;67;910;2773,94
1519965175764;67;970;2774,85
1519965176772;66;950;2775,82
1519965177670;66;920;2776,77
1519965178478;65;890;2777,69
1519965179262;65;860;2778,58
1519965180065;66;820;2779,44
1519965180860;66;790;2780,26
1519965181769;67;810;2781,05
1519965182664;68;830;2781,86
1519965183702;68;910;2782,69
1519965184575;67;1040;2783,6
1519965185383;67;890;2784,64
1519965186276;67;850;2785,53
1519965187173;67;860;2786,38
1519965188080;68;880;2787,24
1519965188988;68;900;2788,12
1519965189886;68;910;2789,02
1519965190794;67;940;2789,93
1519965191683;67;900;2790,87
1519965192510;67;820;2791,77
1519965193288;67;820;2792,59
1519965194195;68;840;2793,41
1519965194990;68;860;2794,25
1519965195793;69;830;2795,11
1519965196808;69;860;2795,94
1519965198206;69;900;2796,8
1519965199304;69;1350;2797,7
1519965200207;69;1210;2799,05
1519965201020;69;830;2800,26
1519965201909;69;860;2801,09
1519965202715;69;850;2801,95
1519965203515;69;810;2802,8
1519965204320;70;790;2803,61
1519965205119;70;810;2804,4
1519965205830;71;800;2805,21
1519965206636;72;760;2806,01
1519965207321;72;740;2806,77
1519965208033;73;700;2807,51
1519965208821;73;740;2808,21
1519965210042;73;800;2808,95
1519965211032;73;1120;2809,75
1519965211942;72;1020;2810,87
1519965212833;72;920;2811,89
1519965213775;71;910;2812,81
1519965214633;70;870;2813,72
1519965215439;69;960;2814,59
1519965216233;69;750;2815,55
1519965216936;69;820;2816,3
1519965217734;70;750;2817,12
1519965218442;71;770;2817,87
1519965219254;71;730;2818,64
1519965219943;72;740;2819,37
1519965220739;73;750;2820,11
1519965221454;73;740;2820,86
1519965222249;74;750;2821,6
1519965223064;74;800;2822,35
1519965223745;75;770;2823,15
1519965224356;76;660;2823,92
1519965225256;77;750;2824,58
1519965225950;77;720;2825,33
1519965227064;77;1250;2826,05
1519965228161;77;580;2827,3
1519965228862;76;1100;2827,88
1519965229558;76;750;2828,98
1519965230403;77;730;2829,73
1519965231175;77;750;2830,46
1519965231872;78;880;2831,21
1519965232574;78;660;2832,09
1519965233372;78;700;2832,75
1519965233970;78;730;2833,45
1519965234679;79;660;2834,18
1519965235373;79;690;2834,84
1519965236097;80;690;2835,53
1519965236683;81;680;2836,22
1519965237480;81;690;2836,9
1519965238173;81;700;2837,59
1519965238981;82;750;2838,29
1519965239886;81;830;2839,04
1519965240785;80;870;2839,87
1519965241699;80;870;2840,74
1519965242499;80;870;2841,61
1519965243300;79;860;2842,48
1519965244095;79;820;2843,34
1519965244894;74;810;2844,16
1519965245766;73;780;2844,97
1519965246496;73;780;2845,75
1519965247394;74;830;2846,53
1519965248304;73;880;2847,36
1519965249206;73;870;2848,24
1519965250106;72;920;2849,11
1519965250998;71;910;2850,03
1519965251804;71;880;2850,94
1519965252603;71;820;2851,82
1519965253410;71;790;2852,64
1519965254208;71;800;2853,43
1519965255011;71;770;2854,23
1519965255756;72;810;2855
1519965257932;72;1920;2855,81
1519965258923;72;940;2857,73
1519965260160;72;1020;2858,67
1519965261036;72;1270;2859,69
1519965261742;72;820;2860,96
1519965262562;74;730;2861,78
1519965263335;74;780;2862,51
1519965264030;74;790;2863,29
1519965264734;75;750;2864,08
1519965265535;76;710;2864,83
1519965266262;76;780;2865,54
1519965266741;76;690;2866,32
1519965267732;77;560;2867,01
1519965268951;78;1590;2867,57
1519965270040;78;580;2869,16
1519965270951;79;1490;2869,74
1519965272254;80;820;2871,23
1519965273748;80;1040;2872,05
1519965274356;80;1440;2873,09
1519965275059;79;640;2874,53
1519965275767;80;680;2875,17
